TABLE_SCHEMA,TABLE_NAME,COLUMN_NAME,DATA_TYPE,CHARACTER_MAXIMUM_LENGTH,NUMERIC_PRECISION,NUMERIC_SCALE,IS_NULLABLE,COLUMN_DEFAULT,ORDINAL_POSITION,IS_PRIMARY_KEY,SOURCE
BPACustomBPATabakProd,Accounts,Id,int,,10,0,NO,,1,YES,tabak_mariadb
BPACustomBPATabakProd,Accounts,name,varchar,200,,,YES,NULL,2,NO,tabak_mariadb
BPACustomBPATabakProd,Accounts,house,varchar,50,,,YES,NULL,3,NO,tabak_mariadb
BPACustomBPATabakProd,Accounts,street,varchar,50,,,YES,NULL,4,NO,tabak_mariadb
BPACustomBPATabakProd,Accounts,pincode,varchar,10,,,YES,NULL,5,NO,tabak_mariadb
BPACustomBPATabakProd,Accounts,address,varchar,400,,,YES,NULL,6,NO,tabak_mariadb
BPACustomBPATabakProd,Accounts,email,varchar,100,,,YES,NULL,7,NO,tabak_mariadb
BPACustomBPATabakProd,Accounts,phone_code,varchar,4,,,YES,NULL,8,NO,tabak_mariadb
BPACustomBPATabakProd,Accounts,phone_no,varchar,15,,,YES,NULL,9,NO,tabak_mariadb
BPACustomBPATabakProd,Accounts,country_id,int,,10,0,YES,NULL,10,NO,tabak_mariadb
BPACustomBPATabakProd,Accounts,state_id,int,,10,0,YES,NULL,11,NO,tabak_mariadb
BPACustomBPATabakProd,Accounts,data_retention_period,int,,10,0,YES,NULL,12,NO,tabak_mariadb
BPACustomBPATabakProd,Accounts,archived,varchar,10,,,YES,NULL,13,NO,tabak_mariadb
BPACustomBPATabakProd,Accounts,archived_date,datetime,,,,YES,NULL,14,NO,tabak_mariadb
BPACustomBPATabakProd,Accounts,created_at,datetime,,,,YES,NULL,15,NO,tabak_mariadb
BPACustomBPATabakProd,Accounts,created_by,varchar,100,,,YES,NULL,16,NO,tabak_mariadb
BPACustomBPATabakProd,Accounts,update_date,datetime,,,,YES,NULL,17,NO,tabak_mariadb
BPACustomBPATabakProd,Accounts,updated_by,varchar,100,,,YES,NULL,18,NO,tabak_mariadb
BPACustomBPATabakProd,Accounts,status,varchar,15,,,YES,NULL,19,NO,tabak_mariadb
BPACustomBPATabakProd,Accounts,city,longtext,4294967295,,,YES,NULL,20,NO,tabak_mariadb
BPACustomBPATabakProd,Accounts,organization_code,varchar,255,,,NO,,21,NO,tabak_mariadb
BPACustomBPATabakProd,Accounts,FilterSection,tinyint,,3,0,YES,NULL,22,NO,tabak_mariadb
BPACustomBPATabakProd,Accounts,InboxSection,tinyint,,3,0,YES,NULL,23,NO,tabak_mariadb
BPACustomBPATabakProd,Accounts,LogoUrl,varchar,300,,,YES,NULL,24,NO,tabak_mariadb
BPACustomBPATabakProd,AppExceptions,Id,int,,10,0,NO,,1,YES,tabak_mariadb
BPACustomBPATabakProd,AppExceptions,EntityId,int,,10,0,NO,,2,NO,tabak_mariadb
BPACustomBPATabakProd,AppExceptions,EntityType,int,,10,0,NO,,3,NO,tabak_mariadb
BPACustomBPATabakProd,AppExceptions,ExceptionMessage,longtext,4294967295,,,NO,,4,NO,tabak_mariadb
BPACustomBPATabakProd,AppExceptions,ExceptionDate,datetime,,,,NO,,5,NO,tabak_mariadb
BPACustomBPATabakProd,Attributes,Id,int,,10,0,NO,,1,YES,tabak_mariadb
BPACustomBPATabakProd,Attributes,AttributeName,longtext,4294967295,,,NO,,2,NO,tabak_mariadb
BPACustomBPATabakProd,Attributes,AttributeDataType,longtext,4294967295,,,NO,,3,NO,tabak_mariadb
BPACustomBPATabakProd,Attributes,MinLength,int,,10,0,NO,,4,NO,tabak_mariadb
BPACustomBPATabakProd,Attributes,MaxLength,int,,10,0,NO,,5,NO,tabak_mariadb
BPACustomBPATabakProd,Attributes,HotWords,longtext,4294967295,,,NO,,6,NO,tabak_mariadb
BPACustomBPATabakProd,Attributes,HotWordsExcepts,longtext,4294967295,,,NO,,7,NO,tabak_mariadb
BPACustomBPATabakProd,Attributes,Format,longtext,4294967295,,,NO,,8,NO,tabak_mariadb
BPACustomBPATabakProd,Attributes,PositionOfFields,longtext,4294967295,,,NO,,9,NO,tabak_mariadb
BPACustomBPATabakProd,Attributes,NonRedactedCharactersAtStart,int,,10,0,NO,,10,NO,tabak_mariadb
BPACustomBPATabakProd,Attributes,NonRedactedCharactersAtEnd,int,,10,0,NO,,11,NO,tabak_mariadb
BPACustomBPATabakProd,Attributes,DocumentSetupId,int,,10,0,NO,,12,NO,tabak_mariadb
BPACustomBPATabakProd,ClaimEscalations,EscalationId,int,,10,0,NO,,1,YES,tabak_mariadb
BPACustomBPATabakProd,ClaimEscalations,ClaimId,int,,10,0,NO,,2,NO,tabak_mariadb
BPACustomBPATabakProd,ClaimEscalations,EscalatedToUserID,int,,10,0,NO,,3,NO,tabak_mariadb
BPACustomBPATabakProd,ClaimEscalations,Reason,longtext,4294967295,,,NO,,4,NO,tabak_mariadb
BPACustomBPATabakProd,ClaimEscalations,TransactionType,int,,10,0,NO,,5,NO,tabak_mariadb
BPACustomBPATabakProd,ClaimEscalations,CreatedById,int,,10,0,YES,NULL,6,NO,tabak_mariadb
BPACustomBPATabakProd,ClaimEscalations,CreatedByName,varchar,50,,,YES,NULL,7,NO,tabak_mariadb
BPACustomBPATabakProd,ClaimEscalations,UpdatedById,int,,10,0,YES,NULL,8,NO,tabak_mariadb
BPACustomBPATabakProd,ClaimEscalations,UpdatedByName,varchar,50,,,YES,NULL,9,NO,tabak_mariadb
BPACustomBPATabakProd,ClaimEscalations,CreatedDate,datetime,,,,NO,,10,NO,tabak_mariadb
BPACustomBPATabakProd,ClaimEscalations,UpdatedDate,datetime,,,,YES,NULL,11,NO,tabak_mariadb
BPACustomBPATabakProd,ClientIntegrations,Id,int,,10,0,NO,,1,YES,tabak_mariadb
BPACustomBPATabakProd,ClientIntegrations,Scheduled_Start_Time,longtext,4294967295,,,YES,NULL,2,NO,tabak_mariadb
BPACustomBPATabakProd,ClientIntegrations,Scheduled_End_Time,longtext,4294967295,,,YES,NULL,3,NO,tabak_mariadb
BPACustomBPATabakProd,ClientIntegrations,State_level,int,,10,0,YES,NULL,4,NO,tabak_mariadb
BPACustomBPATabakProd,ClientIntegrations,Document_level,int,,10,0,YES,NULL,5,NO,tabak_mariadb
BPACustomBPATabakProd,ClientIntegrations,account_Id,int,,10,0,NO,,6,NO,tabak_mariadb
BPACustomBPATabakProd,Clients,Id,int,,10,0,NO,,1,YES,tabak_mariadb
BPACustomBPATabakProd,Clients,ClientName,longtext,4294967295,,,NO,,2,NO,tabak_mariadb
BPACustomBPATabakProd,Clients,ClientCode,varchar,255,,,NO,,3,NO,tabak_mariadb
BPACustomBPATabakProd,Clients,Address,longtext,4294967295,,,NO,,4,NO,tabak_mariadb
BPACustomBPATabakProd,Clients,PhoneNumber,varchar,15,,,YES,NULL,5,NO,tabak_mariadb
BPACustomBPATabakProd,Clients,email,longtext,4294967295,,,NO,,6,NO,tabak_mariadb
BPACustomBPATabakProd,Clients,isActive,tinyint,,3,0,NO,,7,NO,tabak_mariadb
BPACustomBPATabakProd,Clients,expectedTAT,int,,10,0,NO,,8,NO,tabak_mariadb
BPACustomBPATabakProd,Clients,batchTimeIntervalInMinutes,int,,10,0,NO,,9,NO,tabak_mariadb
BPACustomBPATabakProd,Clients,iP_ADDRESS,longtext,4294967295,,,NO,,10,NO,tabak_mariadb
BPACustomBPATabakProd,Clients,slA_InHours,int,,10,0,NO,,11,NO,tabak_mariadb
BPACustomBPATabakProd,Clients,batchNameFormat,longtext,4294967295,,,NO,,12,NO,tabak_mariadb
BPACustomBPATabakProd,Clients,outputStructureType,int,,10,0,NO,,13,NO,tabak_mariadb
BPACustomBPATabakProd,Clients,queueNamingConfiguration,int,,10,0,NO,,14,NO,tabak_mariadb
BPACustomBPATabakProd,Clients,AccountId,int,,10,0,NO,,15,NO,tabak_mariadb
BPACustomBPATabakProd,Clients,CreatedBy,int,,10,0,NO,,16,NO,tabak_mariadb
BPACustomBPATabakProd,Clients,UpdatedBy,int,,10,0,NO,,17,NO,tabak_mariadb
BPACustomBPATabakProd,Clients,CreatedDate,datetime,,,,NO,,18,NO,tabak_mariadb
BPACustomBPATabakProd,Clients,UpdatedDate,datetime,,,,NO,,19,NO,tabak_mariadb
BPACustomBPATabakProd,Clients,ProvanaClientId,int,,10,0,YES,NULL,20,NO,tabak_mariadb
BPACustomBPATabakProd,Clients,EzClaimAPIKey,longtext,4294967295,,,YES,NULL,21,NO,tabak_mariadb
BPACustomBPATabakProd,Countries,Id,int,,10,0,NO,,1,YES,tabak_mariadb
BPACustomBPATabakProd,Countries,name,varchar,100,,,YES,NULL,2,NO,tabak_mariadb
BPACustomBPATabakProd,Countries,code,varchar,10,,,YES,NULL,3,NO,tabak_mariadb
BPACustomBPATabakProd,Countries,phoneCountryCode,varchar,10,,,NO,,4,NO,tabak_mariadb
BPACustomBPATabakProd,Dashboards,Id,int,,10,0,NO,,1,YES,tabak_mariadb
BPACustomBPATabakProd,Dashboards,accountId,int,,10,0,NO,,2,NO,tabak_mariadb
BPACustomBPATabakProd,Dashboards,processCode,longtext,4294967295,,,NO,,3,NO,tabak_mariadb
BPACustomBPATabakProd,Dashboards,TotalFilesInQueue,int,,10,0,NO,,4,NO,tabak_mariadb
BPACustomBPATabakProd,Dashboards,TotalFilesIProcessing,int,,10,0,NO,,5,NO,tabak_mariadb
BPACustomBPATabakProd,Dashboards,TotalCompletedFiles,int,,10,0,NO,,6,NO,tabak_mariadb
BPACustomBPATabakProd,Dashboards,TotalPendingFiles,int,,10,0,NO,,7,NO,tabak_mariadb
BPACustomBPATabakProd,Dashboards,TotalExceptionFiles,int,,10,0,NO,,8,NO,tabak_mariadb
BPACustomBPATabakProd,Dashboards,SuccessRate,decimal,,5,2,NO,,9,NO,tabak_mariadb
BPACustomBPATabakProd,DocumentDetails,DocumentId,int,,10,0,NO,,1,YES,tabak_mariadb
BPACustomBPATabakProd,DocumentDetails,StateId,int,,10,0,NO,,2,NO,tabak_mariadb
BPACustomBPATabakProd,DocumentDetails,ClientID,int,,10,0,NO,,3,NO,tabak_mariadb
BPACustomBPATabakProd,DocumentDetails,DocumentNameWithExtension,longtext,4294967295,,,NO,,4,NO,tabak_mariadb
BPACustomBPATabakProd,DocumentDetails,PageCount,int,,10,0,NO,,5,NO,tabak_mariadb
BPACustomBPATabakProd,DocumentDetails,ExtractedPage,longtext,4294967295,,,NO,,6,NO,tabak_mariadb
BPACustomBPATabakProd,DocumentDetails,DocumentType,longtext,4294967295,,,NO,,7,NO,tabak_mariadb
BPACustomBPATabakProd,DocumentDetails,TransactionId,longtext,4294967295,,,NO,,8,NO,tabak_mariadb
BPACustomBPATabakProd,DocumentDetails,ServiceId,int,,10,0,NO,,9,NO,tabak_mariadb
BPACustomBPATabakProd,DocumentDetails,ExtractedDocumentBase64,longtext,4294967295,,,NO,,10,NO,tabak_mariadb
BPACustomBPATabakProd,DocumentDetails,ClientCode,longtext,4294967295,,,NO,,11,NO,tabak_mariadb
BPACustomBPATabakProd,DocumentSetups,Id,int,,10,0,NO,,1,YES,tabak_mariadb
BPACustomBPATabakProd,DocumentSetups,Document_Name,longtext,4294967295,,,NO,,2,NO,tabak_mariadb
BPACustomBPATabakProd,DocumentSetups,BarCode_Enable,tinyint,,3,0,YES,NULL,3,NO,tabak_mariadb
BPACustomBPATabakProd,DocumentSetups,Google_Project_ID,longtext,4294967295,,,YES,NULL,4,NO,tabak_mariadb
BPACustomBPATabakProd,DocumentSetups,Google_end_point,longtext,4294967295,,,YES,NULL,5,NO,tabak_mariadb
BPACustomBPATabakProd,DocumentSetups,Googledocument_AI_processor,longtext,4294967295,,,YES,NULL,6,NO,tabak_mariadb
BPACustomBPATabakProd,DocumentSetups,Google_DL_template,longtext,4294967295,,,YES,NULL,7,NO,tabak_mariadb
BPACustomBPATabakProd,DocumentSetups,Manual_Review_prefrence,int,,10,0,NO,,8,NO,tabak_mariadb
BPACustomBPATabakProd,DocumentSetups,Confidence_Threshold,int,,10,0,NO,,9,NO,tabak_mariadb
BPACustomBPATabakProd,DocumentSetups,Estimated_Volume,longtext,4294967295,,,YES,NULL,10,NO,tabak_mariadb
BPACustomBPATabakProd,DocumentSetups,Estimated_Pages,longtext,4294967295,,,YES,NULL,11,NO,tabak_mariadb
BPACustomBPATabakProd,DocumentSetups,Billing_Rates,longtext,4294967295,,,YES,NULL,12,NO,tabak_mariadb
BPACustomBPATabakProd,DocumentSetups,Page_expression,longtext,4294967295,,,YES,NULL,13,NO,tabak_mariadb
BPACustomBPATabakProd,DocumentSetups,Extraction_outcome_format,int,,10,0,YES,NULL,14,NO,tabak_mariadb
BPACustomBPATabakProd,DocumentSetups,AccountId,int,,10,0,NO,,15,NO,tabak_mariadb
BPACustomBPATabakProd,EmailNotificationTypes,Id,int,,10,0,NO,,1,YES,tabak_mariadb
BPACustomBPATabakProd,EmailNotificationTypes,NotificationType,longtext,4294967295,,,NO,,2,NO,tabak_mariadb
BPACustomBPATabakProd,EmailTemplates,Id,int,,10,0,NO,,1,YES,tabak_mariadb
BPACustomBPATabakProd,EmailTemplates,EmailNotificationTypeId,int,,10,0,NO,,2,NO,tabak_mariadb
BPACustomBPATabakProd,EmailTemplates,Subject,longtext,4294967295,,,NO,,3,NO,tabak_mariadb
BPACustomBPATabakProd,EmailTemplates,Status,int,,10,0,NO,,4,NO,tabak_mariadb
BPACustomBPATabakProd,EmailTemplates,Content,longtext,4294967295,,,NO,,5,NO,tabak_mariadb
BPACustomBPATabakProd,EOBAllocations,Id,bigint,,19,0,NO,,1,YES,tabak_mariadb
BPACustomBPATabakProd,EOBAllocations,File_name,longtext,4294967295,,,YES,NULL,2,NO,tabak_mariadb
BPACustomBPATabakProd,EOBAllocations,File_url,longtext,4294967295,,,YES,NULL,3,NO,tabak_mariadb
BPACustomBPATabakProd,EOBAllocations,Client,longtext,4294967295,,,YES,NULL,4,NO,tabak_mariadb
BPACustomBPATabakProd,EOBAllocations,Account,longtext,4294967295,,,YES,NULL,5,NO,tabak_mariadb
BPACustomBPATabakProd,EOBAllocations,Payer,longtext,4294967295,,,YES,NULL,6,NO,tabak_mariadb
BPACustomBPATabakProd,EOBAllocations,Total_No_Of_Clm_On_File,int,,10,0,YES,NULL,7,NO,tabak_mariadb
BPACustomBPATabakProd,EOBAllocations,Total_Paid_Amt_On_File,decimal,,65,30,YES,NULL,8,NO,tabak_mariadb
BPACustomBPATabakProd,EOBAllocations,Total_Denied_Claims,int,,10,0,YES,NULL,9,NO,tabak_mariadb
BPACustomBPATabakProd,EOBAllocations,Total_Denied_Lines,int,,10,0,YES,NULL,10,NO,tabak_mariadb
BPACustomBPATabakProd,EOBAllocations,Total_Posted_Claims,int,,10,0,YES,NULL,11,NO,tabak_mariadb
BPACustomBPATabakProd,EOBAllocations,Download_Date,datetime,,,,YES,NULL,12,NO,tabak_mariadb
BPACustomBPATabakProd,EOBAllocations,Completed_Date,datetime,,,,YES,NULL,13,NO,tabak_mariadb
BPACustomBPATabakProd,EOBAllocations,Not_Completed_Reasons,longtext,4294967295,,,YES,NULL,14,NO,tabak_mariadb
BPACustomBPATabakProd,EOBAllocations,File_Status,int,,10,0,NO,0,15,NO,tabak_mariadb
BPACustomBPATabakProd,EOBAllocations,rawJson,longtext,4294967295,,,YES,NULL,16,NO,tabak_mariadb
BPACustomBPATabakProd,EOBAllocations,CreatedById,int,,10,0,YES,NULL,17,NO,tabak_mariadb
BPACustomBPATabakProd,EOBAllocations,CreatedByName,varchar,50,,,YES,NULL,18,NO,tabak_mariadb
BPACustomBPATabakProd,EOBAllocations,UpdatedById,int,,10,0,YES,NULL,19,NO,tabak_mariadb
BPACustomBPATabakProd,EOBAllocations,UpdatedByName,varchar,50,,,YES,NULL,20,NO,tabak_mariadb
BPACustomBPATabakProd,EOBAllocations,CreatedDate,datetime,,,,NO,,21,NO,tabak_mariadb
BPACustomBPATabakProd,EOBAllocations,UpdatedDate,datetime,,,,YES,NULL,22,NO,tabak_mariadb
BPACustomBPATabakProd,EOBAllocations,Check_Date,datetime,,,,YES,NULL,23,NO,tabak_mariadb
BPACustomBPATabakProd,EOBClaims,Id,bigint,,19,0,NO,,1,YES,tabak_mariadb
BPACustomBPATabakProd,EOBClaims,AllocationId,bigint,,19,0,NO,,2,NO,tabak_mariadb
BPACustomBPATabakProd,EOBClaims,Claim_Number,longtext,4294967295,,,YES,NULL,3,NO,tabak_mariadb
BPACustomBPATabakProd,EOBClaims,Claim_Total_Charge_Amt,decimal,,8,2,YES,NULL,4,NO,tabak_mariadb
BPACustomBPATabakProd,EOBClaims,Claim_Paid_Amt,decimal,,8,2,YES,NULL,5,NO,tabak_mariadb
BPACustomBPATabakProd,EOBClaims,Claim_Status_Code,longtext,4294967295,,,YES,NULL,6,NO,tabak_mariadb
BPACustomBPATabakProd,EOBClaims,Claim_Status_Reason,longtext,4294967295,,,YES,NULL,7,NO,tabak_mariadb
BPACustomBPATabakProd,EOBClaims,Claim_Facility_Type,longtext,4294967295,,,YES,NULL,8,NO,tabak_mariadb
BPACustomBPATabakProd,EOBClaims,Claim_Frequency,longtext,4294967295,,,YES,NULL,9,NO,tabak_mariadb
BPACustomBPATabakProd,EOBClaims,Claim_Date_of_Service_From,datetime,,,,YES,NULL,10,NO,tabak_mariadb
BPACustomBPATabakProd,EOBClaims,Claim_Date_of_Service_To,datetime,,,,YES,NULL,11,NO,tabak_mariadb
BPACustomBPATabakProd,EOBClaims,Claim_Recieved_Date,datetime,,,,YES,NULL,12,NO,tabak_mariadb
BPACustomBPATabakProd,EOBClaims,Patient_Responsibility_Amt,decimal,,8,2,YES,NULL,13,NO,tabak_mariadb
BPACustomBPATabakProd,EOBClaims,CLIA_Number,longtext,4294967295,,,YES,NULL,14,NO,tabak_mariadb
BPACustomBPATabakProd,EOBClaims,Claim_Invoice_Number,longtext,4294967295,,,YES,NULL,15,NO,tabak_mariadb
BPACustomBPATabakProd,EOBClaims,Admission_Date,datetime,,,,YES,NULL,16,NO,tabak_mariadb
BPACustomBPATabakProd,EOBClaims,Patient_Last_Seen_Date,datetime,,,,YES,NULL,17,NO,tabak_mariadb
BPACustomBPATabakProd,EOBClaims,PayerId,bigint,,19,0,NO,,18,NO,tabak_mariadb
BPACustomBPATabakProd,EOBClaims,PayeeId,bigint,,19,0,NO,,19,NO,tabak_mariadb
BPACustomBPATabakProd,EOBClaims,PatientId,bigint,,19,0,YES,NULL,20,NO,tabak_mariadb
BPACustomBPATabakProd,EOBClaims,CreatedById,int,,10,0,YES,NULL,21,NO,tabak_mariadb
BPACustomBPATabakProd,EOBClaims,CreatedByName,varchar,50,,,YES,NULL,22,NO,tabak_mariadb
BPACustomBPATabakProd,EOBClaims,UpdatedById,int,,10,0,YES,NULL,23,NO,tabak_mariadb
BPACustomBPATabakProd,EOBClaims,UpdatedByName,varchar,50,,,YES,NULL,24,NO,tabak_mariadb
BPACustomBPATabakProd,EOBClaims,CreatedDate,datetime,,,,NO,,25,NO,tabak_mariadb
BPACustomBPATabakProd,EOBClaims,UpdatedDate,datetime,,,,YES,NULL,26,NO,tabak_mariadb
BPACustomBPATabakProd,EOBClaims,EzClaimId,int,,10,0,YES,NULL,27,NO,tabak_mariadb
BPACustomBPATabakProd,EOBClaims,Status,int,,10,0,NO,0,28,NO,tabak_mariadb
BPACustomBPATabakProd,EOBClaim_Diagnosis,Id,bigint,,19,0,NO,,1,YES,tabak_mariadb
BPACustomBPATabakProd,EOBClaim_Diagnosis,ClaimId,bigint,,19,0,NO,,2,NO,tabak_mariadb
BPACustomBPATabakProd,EOBClaim_Diagnosis,Primary_DX,longtext,4294967295,,,YES,NULL,3,NO,tabak_mariadb
BPACustomBPATabakProd,EOBClaim_Diagnosis,Secondary_DX1,longtext,4294967295,,,YES,NULL,4,NO,tabak_mariadb
BPACustomBPATabakProd,EOBClaim_Diagnosis,Secondary_DX2,longtext,4294967295,,,YES,NULL,5,NO,tabak_mariadb
BPACustomBPATabakProd,EOBClaim_Diagnosis,Secondary_DX3,longtext,4294967295,,,YES,NULL,6,NO,tabak_mariadb
BPACustomBPATabakProd,EOBClaim_Diagnosis,Secondary_DX4,longtext,4294967295,,,YES,NULL,7,NO,tabak_mariadb
BPACustomBPATabakProd,EOBClaim_Diagnosis,Secondary_DX5,longtext,4294967295,,,YES,NULL,8,NO,tabak_mariadb
BPACustomBPATabakProd,EOBClaim_Diagnosis,Secondary_DX6,longtext,4294967295,,,YES,NULL,9,NO,tabak_mariadb
BPACustomBPATabakProd,EOBClaim_Diagnosis,Secondary_DX7,longtext,4294967295,,,YES,NULL,10,NO,tabak_mariadb
BPACustomBPATabakProd,EOBClaim_Diagnosis,Secondary_DX8,longtext,4294967295,,,YES,NULL,11,NO,tabak_mariadb
BPACustomBPATabakProd,EOBClaim_Diagnosis,Secondary_DX9,longtext,4294967295,,,YES,NULL,12,NO,tabak_mariadb
BPACustomBPATabakProd,EOBClaim_Diagnosis,Secondary_DX10,longtext,4294967295,,,YES,NULL,13,NO,tabak_mariadb
BPACustomBPATabakProd,EOBClaim_Diagnosis,Secondary_DX11,longtext,4294967295,,,YES,NULL,14,NO,tabak_mariadb
BPACustomBPATabakProd,EOBClaim_Diagnosis,Secondary_DX12,longtext,4294967295,,,YES,NULL,15,NO,tabak_mariadb
BPACustomBPATabakProd,EOBClaim_Diagnosis,CreatedById,int,,10,0,YES,NULL,16,NO,tabak_mariadb
BPACustomBPATabakProd,EOBClaim_Diagnosis,CreatedByName,varchar,50,,,YES,NULL,17,NO,tabak_mariadb
BPACustomBPATabakProd,EOBClaim_Diagnosis,UpdatedById,int,,10,0,YES,NULL,18,NO,tabak_mariadb
BPACustomBPATabakProd,EOBClaim_Diagnosis,UpdatedByName,varchar,50,,,YES,NULL,19,NO,tabak_mariadb
BPACustomBPATabakProd,EOBClaim_Diagnosis,CreatedDate,datetime,,,,NO,,20,NO,tabak_mariadb
BPACustomBPATabakProd,EOBClaim_Diagnosis,UpdatedDate,datetime,,,,YES,NULL,21,NO,tabak_mariadb
BPACustomBPATabakProd,EOBPayees,Id,bigint,,19,0,NO,,1,YES,tabak_mariadb
BPACustomBPATabakProd,EOBPayees,Payee_Name,varchar,100,,,YES,NULL,2,NO,tabak_mariadb
BPACustomBPATabakProd,EOBPayees,Rendering_Provider_NPI,varchar,100,,,YES,NULL,3,NO,tabak_mariadb
BPACustomBPATabakProd,EOBPayees,Payee_TaxID,varchar,100,,,YES,NULL,4,NO,tabak_mariadb
BPACustomBPATabakProd,EOBPayees,Payee_Addr1,varchar,100,,,YES,NULL,5,NO,tabak_mariadb
BPACustomBPATabakProd,EOBPayees,Payee_Addr2,varchar,100,,,YES,NULL,6,NO,tabak_mariadb
BPACustomBPATabakProd,EOBPayees,Payee_City,varchar,100,,,YES,NULL,7,NO,tabak_mariadb
BPACustomBPATabakProd,EOBPayees,Payee_State,varchar,100,,,YES,NULL,8,NO,tabak_mariadb
BPACustomBPATabakProd,EOBPayees,Payee_Zip,varchar,20,,,YES,NULL,9,NO,tabak_mariadb
BPACustomBPATabakProd,EOBPayees,Rendering_Provider_Name,varchar,100,,,YES,NULL,10,NO,tabak_mariadb
BPACustomBPATabakProd,EOBPayees,Check_EFT_Number,varchar,100,,,YES,NULL,11,NO,tabak_mariadb
BPACustomBPATabakProd,EOBPayees,Payment_Amt,decimal,,65,30,YES,NULL,12,NO,tabak_mariadb
BPACustomBPATabakProd,EOBPayees,Check_Date,datetime,,,,YES,NULL,13,NO,tabak_mariadb
BPACustomBPATabakProd,EOBPayees,CreatedById,int,,10,0,YES,NULL,14,NO,tabak_mariadb
BPACustomBPATabakProd,EOBPayees,CreatedByName,varchar,50,,,YES,NULL,15,NO,tabak_mariadb
BPACustomBPATabakProd,EOBPayees,UpdatedById,int,,10,0,YES,NULL,16,NO,tabak_mariadb
BPACustomBPATabakProd,EOBPayees,UpdatedByName,varchar,50,,,YES,NULL,17,NO,tabak_mariadb
BPACustomBPATabakProd,EOBPayees,CreatedDate,datetime,,,,NO,,18,NO,tabak_mariadb
BPACustomBPATabakProd,EOBPayees,UpdatedDate,datetime,,,,YES,NULL,19,NO,tabak_mariadb
BPACustomBPATabakProd,EOBPayees,Payee_NPI,varchar,50,,,YES,NULL,20,NO,tabak_mariadb
BPACustomBPATabakProd,EOBPayees,EzClaimBillingProviderId,int,,10,0,YES,NULL,21,NO,tabak_mariadb
BPACustomBPATabakProd,EOBPayees,EzClaimRenderingProviderId,int,,10,0,YES,NULL,22,NO,tabak_mariadb
BPACustomBPATabakProd,EOBPayees,PaymentMethod,longtext,4294967295,,,YES,NULL,23,NO,tabak_mariadb
BPACustomBPATabakProd,EOBPayers,Id,bigint,,19,0,NO,,1,YES,tabak_mariadb
BPACustomBPATabakProd,EOBPayers,Payer_Name,varchar,100,,,YES,NULL,2,NO,tabak_mariadb
BPACustomBPATabakProd,EOBPayers,Payer_Id,varchar,20,,,YES,NULL,3,NO,tabak_mariadb
BPACustomBPATabakProd,EOBPayers,Payer_Addr1,varchar,100,,,YES,NULL,4,NO,tabak_mariadb
BPACustomBPATabakProd,EOBPayers,Payer_Addr2,varchar,100,,,YES,NULL,5,NO,tabak_mariadb
BPACustomBPATabakProd,EOBPayers,Payer_City,varchar,100,,,YES,NULL,6,NO,tabak_mariadb
BPACustomBPATabakProd,EOBPayers,Payer_State,varchar,100,,,YES,NULL,7,NO,tabak_mariadb
BPACustomBPATabakProd,EOBPayers,Payer_Zip,varchar,20,,,YES,NULL,8,NO,tabak_mariadb
BPACustomBPATabakProd,EOBPayers,CreatedById,int,,10,0,YES,NULL,9,NO,tabak_mariadb
BPACustomBPATabakProd,EOBPayers,CreatedByName,varchar,50,,,YES,NULL,10,NO,tabak_mariadb
BPACustomBPATabakProd,EOBPayers,UpdatedById,int,,10,0,YES,NULL,11,NO,tabak_mariadb
BPACustomBPATabakProd,EOBPayers,UpdatedByName,varchar,50,,,YES,NULL,12,NO,tabak_mariadb
BPACustomBPATabakProd,EOBPayers,CreatedDate,datetime,,,,NO,,13,NO,tabak_mariadb
BPACustomBPATabakProd,EOBPayers,UpdatedDate,datetime,,,,YES,NULL,14,NO,tabak_mariadb
BPACustomBPATabakProd,EOBPayers,EzClaimPayerId,int,,10,0,YES,NULL,15,NO,tabak_mariadb
BPACustomBPATabakProd,EOBService_Adjustments,Id,bigint,,19,0,NO,,1,YES,tabak_mariadb
BPACustomBPATabakProd,EOBService_Adjustments,ServiceLineItemId,bigint,,19,0,NO,,2,NO,tabak_mariadb
BPACustomBPATabakProd,EOBService_Adjustments,Service_Adjustment_Reason_Code,varchar,20,,,YES,NULL,3,NO,tabak_mariadb
BPACustomBPATabakProd,EOBService_Adjustments,Service_Adjustment_Reason,longtext,4294967295,,,YES,NULL,4,NO,tabak_mariadb
BPACustomBPATabakProd,EOBService_Adjustments,Service_Adjustment_Amount,decimal,,65,30,YES,NULL,5,NO,tabak_mariadb
BPACustomBPATabakProd,EOBService_Adjustments,CreatedById,int,,10,0,YES,NULL,6,NO,tabak_mariadb
BPACustomBPATabakProd,EOBService_Adjustments,CreatedByName,varchar,50,,,YES,NULL,7,NO,tabak_mariadb
BPACustomBPATabakProd,EOBService_Adjustments,UpdatedById,int,,10,0,YES,NULL,8,NO,tabak_mariadb
BPACustomBPATabakProd,EOBService_Adjustments,UpdatedByName,varchar,50,,,YES,NULL,9,NO,tabak_mariadb
BPACustomBPATabakProd,EOBService_Adjustments,CreatedDate,datetime,,,,NO,,10,NO,tabak_mariadb
BPACustomBPATabakProd,EOBService_Adjustments,UpdatedDate,datetime,,,,YES,NULL,11,NO,tabak_mariadb
BPACustomBPATabakProd,EOBService_Adjustments,Service_Adjustment_Group_Code,varchar,20,,,YES,NULL,12,NO,tabak_mariadb
BPACustomBPATabakProd,EOBService_Line_Items,Id,bigint,,19,0,NO,,1,YES,tabak_mariadb
BPACustomBPATabakProd,EOBService_Line_Items,ClaimId,bigint,,19,0,NO,,2,NO,tabak_mariadb
BPACustomBPATabakProd,EOBService_Line_Items,Service_From_Date,datetime,,,,YES,NULL,3,NO,tabak_mariadb
BPACustomBPATabakProd,EOBService_Line_Items,Service_To_Date,datetime,,,,YES,NULL,4,NO,tabak_mariadb
BPACustomBPATabakProd,EOBService_Line_Items,Procedure_Code,varchar,20,,,YES,NULL,5,NO,tabak_mariadb
BPACustomBPATabakProd,EOBService_Line_Items,Mod1,varchar,20,,,YES,NULL,6,NO,tabak_mariadb
BPACustomBPATabakProd,EOBService_Line_Items,Mod2,varchar,20,,,YES,NULL,7,NO,tabak_mariadb
BPACustomBPATabakProd,EOBService_Line_Items,Mod3,varchar,20,,,YES,NULL,8,NO,tabak_mariadb
BPACustomBPATabakProd,EOBService_Line_Items,Mod4,varchar,20,,,YES,NULL,9,NO,tabak_mariadb
BPACustomBPATabakProd,EOBService_Line_Items,Service_Billed_Amt,decimal,,65,30,YES,NULL,10,NO,tabak_mariadb
BPACustomBPATabakProd,EOBService_Line_Items,Service_Allowed_Amt,decimal,,65,30,YES,NULL,11,NO,tabak_mariadb
BPACustomBPATabakProd,EOBService_Line_Items,Service_Paid_Amt,decimal,,65,30,YES,NULL,12,NO,tabak_mariadb
BPACustomBPATabakProd,EOBService_Line_Items,D_U,varchar,20,,,YES,NULL,13,NO,tabak_mariadb
BPACustomBPATabakProd,EOBService_Line_Items,Place_Of_Service,varchar,100,,,YES,NULL,14,NO,tabak_mariadb
BPACustomBPATabakProd,EOBService_Line_Items,DX_1,varchar,20,,,YES,NULL,15,NO,tabak_mariadb
BPACustomBPATabakProd,EOBService_Line_Items,DX_2,varchar,20,,,YES,NULL,16,NO,tabak_mariadb
BPACustomBPATabakProd,EOBService_Line_Items,DX_3,varchar,20,,,YES,NULL,17,NO,tabak_mariadb
BPACustomBPATabakProd,EOBService_Line_Items,DX_4,varchar,20,,,YES,NULL,18,NO,tabak_mariadb
BPACustomBPATabakProd,EOBService_Line_Items,User_Status,varchar,50,,,YES,NULL,19,NO,tabak_mariadb
BPACustomBPATabakProd,EOBService_Line_Items,CreatedById,int,,10,0,YES,NULL,20,NO,tabak_mariadb
BPACustomBPATabakProd,EOBService_Line_Items,CreatedByName,varchar,50,,,YES,NULL,21,NO,tabak_mariadb
BPACustomBPATabakProd,EOBService_Line_Items,UpdatedById,int,,10,0,YES,NULL,22,NO,tabak_mariadb
BPACustomBPATabakProd,EOBService_Line_Items,UpdatedByName,varchar,50,,,YES,NULL,23,NO,tabak_mariadb
BPACustomBPATabakProd,EOBService_Line_Items,CreatedDate,datetime,,,,NO,,24,NO,tabak_mariadb
BPACustomBPATabakProd,EOBService_Line_Items,UpdatedDate,datetime,,,,YES,NULL,25,NO,tabak_mariadb
BPACustomBPATabakProd,EOBService_Line_Items,Status,int,,10,0,NO,0,26,NO,tabak_mariadb
BPACustomBPATabakProd,EOBService_Line_Items,ErrorMessage,longtext,4294967295,,,YES,NULL,27,NO,tabak_mariadb
BPACustomBPATabakProd,ExtractionAttributeDetails,AttributeId,int,,10,0,NO,,1,YES,tabak_mariadb
BPACustomBPATabakProd,ExtractionAttributeDetails,PageNumber,int,,10,0,NO,,2,NO,tabak_mariadb
BPACustomBPATabakProd,ExtractionAttributeDetails,FieldName,longtext,4294967295,,,NO,,3,NO,tabak_mariadb
BPACustomBPATabakProd,ExtractionAttributeDetails,FieldValue,longtext,4294967295,,,YES,NULL,4,NO,tabak_mariadb
BPACustomBPATabakProd,ExtractionAttributeDetails,Location_Top,int,,10,0,YES,NULL,5,NO,tabak_mariadb
BPACustomBPATabakProd,ExtractionAttributeDetails,Location_Left,int,,10,0,YES,NULL,6,NO,tabak_mariadb
BPACustomBPATabakProd,ExtractionAttributeDetails,Location_Width,int,,10,0,YES,NULL,7,NO,tabak_mariadb
BPACustomBPATabakProd,ExtractionAttributeDetails,Location_Height,int,,10,0,YES,NULL,8,NO,tabak_mariadb
BPACustomBPATabakProd,ExtractionAttributeDetails,Likelihood,int,,10,0,NO,,9,NO,tabak_mariadb
BPACustomBPATabakProd,ExtractionAttributeDetails,Rule_ID,int,,10,0,NO,,10,NO,tabak_mariadb
BPACustomBPATabakProd,ExtractionAttributeDetails,Rule_Description,longtext,4294967295,,,NO,,11,NO,tabak_mariadb
BPACustomBPATabakProd,ExtractionAttributeDetails,DocumentId,int,,10,0,YES,NULL,12,NO,tabak_mariadb
BPACustomBPATabakProd,ExtractionAttributeDetails,isMandatoryField,tinyint,,3,0,NO,0,13,NO,tabak_mariadb
BPACustomBPATabakProd,MappingConfigurations,Id,int,,10,0,NO,,1,YES,tabak_mariadb
BPACustomBPATabakProd,MappingConfigurations,SourceProperty,longtext,4294967295,,,NO,,2,NO,tabak_mariadb
BPACustomBPATabakProd,MappingConfigurations,TargetProperty,longtext,4294967295,,,NO,,3,NO,tabak_mariadb
BPACustomBPATabakProd,Module,id,int,,10,0,NO,,1,YES,tabak_mariadb
BPACustomBPATabakProd,Module,module_name,varchar,100,,,YES,NULL,2,NO,tabak_mariadb
BPACustomBPATabakProd,Module,created_by,int,,10,0,YES,NULL,3,NO,tabak_mariadb
BPACustomBPATabakProd,Module,created_at,datetime,,,,YES,NULL,4,NO,tabak_mariadb
BPACustomBPATabakProd,Module,updated_by,int,,10,0,YES,NULL,5,NO,tabak_mariadb
BPACustomBPATabakProd,Module,updated_at,datetime,,,,YES,NULL,6,NO,tabak_mariadb
BPACustomBPATabakProd,PatientRecords,Id,bigint,,19,0,NO,,1,YES,tabak_mariadb
BPACustomBPATabakProd,PatientRecords,Patient_FN,varchar,100,,,YES,NULL,2,NO,tabak_mariadb
BPACustomBPATabakProd,PatientRecords,Patient_LN,varchar,100,,,YES,NULL,3,NO,tabak_mariadb
BPACustomBPATabakProd,PatientRecords,Patient_MI,varchar,20,,,YES,NULL,4,NO,tabak_mariadb
BPACustomBPATabakProd,PatientRecords,Patient_Id,varchar,100,,,YES,NULL,5,NO,tabak_mariadb
BPACustomBPATabakProd,PatientRecords,Patient_Account_Number,varchar,100,,,YES,NULL,6,NO,tabak_mariadb
BPACustomBPATabakProd,PatientRecords,Patient_Control_Number,varchar,100,,,YES,NULL,7,NO,tabak_mariadb
BPACustomBPATabakProd,PatientRecords,Patient_Group,varchar,100,,,YES,NULL,8,NO,tabak_mariadb
BPACustomBPATabakProd,PatientRecords,Patient_Addr1,varchar,200,,,YES,NULL,9,NO,tabak_mariadb
BPACustomBPATabakProd,PatientRecords,Patient_Addr2,varchar,200,,,YES,NULL,10,NO,tabak_mariadb
BPACustomBPATabakProd,PatientRecords,Patient_City,varchar,100,,,YES,NULL,11,NO,tabak_mariadb
BPACustomBPATabakProd,PatientRecords,Patient_State,varchar,50,,,YES,NULL,12,NO,tabak_mariadb
BPACustomBPATabakProd,PatientRecords,Patient_Zip,varchar,20,,,YES,NULL,13,NO,tabak_mariadb
BPACustomBPATabakProd,PatientRecords,Patient_DOB,datetime,,,,YES,NULL,14,NO,tabak_mariadb
BPACustomBPATabakProd,PatientRecords,Patient_Gender,varchar,10,,,YES,NULL,15,NO,tabak_mariadb
BPACustomBPATabakProd,PatientRecords,Patient_Relationship,varchar,10,,,YES,NULL,16,NO,tabak_mariadb
BPACustomBPATabakProd,PatientRecords,Patient_Marital_Status,varchar,50,,,YES,NULL,17,NO,tabak_mariadb
BPACustomBPATabakProd,PatientRecords,Patient_Primary_Phone_No,varchar,50,,,YES,NULL,18,NO,tabak_mariadb
BPACustomBPATabakProd,PatientRecords,Patient_Home_Phone_No,varchar,50,,,YES,NULL,19,NO,tabak_mariadb
BPACustomBPATabakProd,PatientRecords,Patient_Primary_Email,varchar,200,,,YES,NULL,20,NO,tabak_mariadb
BPACustomBPATabakProd,PatientRecords,Insured_Name,varchar,200,,,YES,NULL,21,NO,tabak_mariadb
BPACustomBPATabakProd,PatientRecords,EzClaimPatientId,int,,10,0,YES,NULL,22,NO,tabak_mariadb
BPACustomBPATabakProd,PatientRecords,CreatedById,int,,10,0,YES,NULL,23,NO,tabak_mariadb
BPACustomBPATabakProd,PatientRecords,CreatedByName,varchar,50,,,YES,NULL,24,NO,tabak_mariadb
BPACustomBPATabakProd,PatientRecords,UpdatedById,int,,10,0,YES,NULL,25,NO,tabak_mariadb
BPACustomBPATabakProd,PatientRecords,UpdatedByName,varchar,50,,,YES,NULL,26,NO,tabak_mariadb
BPACustomBPATabakProd,PatientRecords,CreatedDate,datetime,,,,NO,,27,NO,tabak_mariadb
BPACustomBPATabakProd,PatientRecords,UpdatedDate,datetime,,,,YES,NULL,28,NO,tabak_mariadb
BPACustomBPATabakProd,ProcessConfig,Id,int,,10,0,NO,,1,YES,tabak_mariadb
BPACustomBPATabakProd,ProcessConfig,name,varchar,100,,,NO,,2,NO,tabak_mariadb
BPACustomBPATabakProd,ProcessConfig,account_id,int,,10,0,NO,,3,NO,tabak_mariadb
BPACustomBPATabakProd,ProcessConfig,UniqueCode,longtext,4294967295,,,YES,NULL,4,NO,tabak_mariadb
BPACustomBPATabakProd,ProcessConfig,RedirectUrl,longtext,4294967295,,,YES,NULL,5,NO,tabak_mariadb
BPACustomBPATabakProd,ProcessConfig,InputQueuePayload,longtext,4294967295,,,YES,NULL,6,NO,tabak_mariadb
BPACustomBPATabakProd,ProcessConfig,InboundQueuePayload,longtext,4294967295,,,YES,NULL,7,NO,tabak_mariadb
BPACustomBPATabakProd,ProcessConfig,OutputQueuePayload,longtext,4294967295,,,YES,NULL,8,NO,tabak_mariadb
BPACustomBPATabakProd,ProcessConfig,archived,varchar,10,,,YES,NULL,9,NO,tabak_mariadb
BPACustomBPATabakProd,ProcessConfig,lockDuration,int,,10,0,YES,NULL,10,NO,tabak_mariadb
BPACustomBPATabakProd,ProcessConfig,archived_date,datetime,,,,YES,NULL,11,NO,tabak_mariadb
BPACustomBPATabakProd,ProcessConfig,create_date,datetime,,,,YES,NULL,12,NO,tabak_mariadb
BPACustomBPATabakProd,ProcessConfig,create_by,varchar,100,,,YES,NULL,13,NO,tabak_mariadb
BPACustomBPATabakProd,ProcessConfig,update_date,datetime,,,,YES,NULL,14,NO,tabak_mariadb
BPACustomBPATabakProd,ProcessConfig,updated_by,varchar,100,,,YES,NULL,15,NO,tabak_mariadb
BPACustomBPATabakProd,ProcessConfig,service_type,int,,10,0,YES,NULL,16,NO,tabak_mariadb
BPACustomBPATabakProd,ProcessConfig,SourceSystemJsonFormat,longtext,4294967295,,,YES,NULL,17,NO,tabak_mariadb
BPACustomBPATabakProd,ProcessInboundFieldMappers,Id,int,,10,0,NO,,1,YES,tabak_mariadb
BPACustomBPATabakProd,ProcessInboundFieldMappers,SourceFieldName,longtext,4294967295,,,NO,,2,NO,tabak_mariadb
BPACustomBPATabakProd,ProcessInboundFieldMappers,TargetFieldName,longtext,4294967295,,,YES,NULL,3,NO,tabak_mariadb
BPACustomBPATabakProd,ProcessInboundFieldMappers,ProcessConfigurationId,int,,10,0,NO,,4,NO,tabak_mariadb
BPACustomBPATabakProd,Roles,Id,int,,10,0,NO,,1,YES,tabak_mariadb
BPACustomBPATabakProd,Roles,name,varchar,100,,,YES,NULL,2,NO,tabak_mariadb
BPACustomBPATabakProd,Roles,account_id,int,,10,0,YES,NULL,3,NO,tabak_mariadb
BPACustomBPATabakProd,Roles,type,int,,10,0,NO,,4,NO,tabak_mariadb
BPACustomBPATabakProd,Roles,created_by,int,,10,0,YES,NULL,5,NO,tabak_mariadb
BPACustomBPATabakProd,Roles,created_at,datetime,,,,YES,NULL,6,NO,tabak_mariadb
BPACustomBPATabakProd,Roles,updated_by,int,,10,0,YES,NULL,7,NO,tabak_mariadb
BPACustomBPATabakProd,Roles,updated_at,datetime,,,,YES,NULL,8,NO,tabak_mariadb
BPACustomBPATabakProd,Role_Access_Rights,id,int,,10,0,NO,,1,YES,tabak_mariadb
BPACustomBPATabakProd,Role_Access_Rights,role_id,int,,10,0,NO,,2,NO,tabak_mariadb
BPACustomBPATabakProd,Role_Access_Rights,module_id,int,,10,0,NO,,3,NO,tabak_mariadb
BPACustomBPATabakProd,Role_Access_Rights,can_write,tinyint,,3,0,NO,,4,NO,tabak_mariadb
BPACustomBPATabakProd,Role_Access_Rights,can_read,tinyint,,3,0,NO,,5,NO,tabak_mariadb
BPACustomBPATabakProd,Role_Access_Rights,can_update,tinyint,,3,0,NO,,6,NO,tabak_mariadb
BPACustomBPATabakProd,Role_Access_Rights,can_delete,tinyint,,3,0,NO,,7,NO,tabak_mariadb
BPACustomBPATabakProd,Role_Access_Rights,created_by,int,,10,0,YES,NULL,8,NO,tabak_mariadb
BPACustomBPATabakProd,Role_Access_Rights,created_at,datetime,,,,YES,NULL,9,NO,tabak_mariadb
BPACustomBPATabakProd,States,Id,int,,10,0,NO,,1,YES,tabak_mariadb
BPACustomBPATabakProd,States,name,varchar,100,,,YES,NULL,2,NO,tabak_mariadb
BPACustomBPATabakProd,States,country_id,int,,10,0,NO,,3,NO,tabak_mariadb
BPACustomBPATabakProd,SuperBillAllocations,Id,bigint,,19,0,NO,,1,YES,tabak_mariadb
BPACustomBPATabakProd,SuperBillAllocations,File_name,varchar,260,,,YES,NULL,2,NO,tabak_mariadb
BPACustomBPATabakProd,SuperBillAllocations,File_url,varchar,2000,,,YES,NULL,3,NO,tabak_mariadb
BPACustomBPATabakProd,SuperBillAllocations,Date_Of_Service,datetime,,,,YES,NULL,4,NO,tabak_mariadb
BPACustomBPATabakProd,SuperBillAllocations,Client,varchar,200,,,YES,NULL,5,NO,tabak_mariadb
BPACustomBPATabakProd,SuperBillAllocations,Account,varchar,200,,,YES,NULL,6,NO,tabak_mariadb
BPACustomBPATabakProd,SuperBillAllocations,Total_No_Of_Clm_On_File,int,,10,0,YES,NULL,7,NO,tabak_mariadb
BPACustomBPATabakProd,SuperBillAllocations,NoOfClaimsCompleted,int,,10,0,YES,NULL,8,NO,tabak_mariadb
BPACustomBPATabakProd,SuperBillAllocations,Total_Charge_Amt_On_File,decimal,,65,30,YES,NULL,9,NO,tabak_mariadb
BPACustomBPATabakProd,SuperBillAllocations,Download_Date,datetime,,,,YES,NULL,10,NO,tabak_mariadb
BPACustomBPATabakProd,SuperBillAllocations,Completed_Date,datetime,,,,YES,NULL,11,NO,tabak_mariadb
BPACustomBPATabakProd,SuperBillAllocations,Not_Completed_Reason,varchar,500,,,YES,NULL,12,NO,tabak_mariadb
BPACustomBPATabakProd,SuperBillAllocations,File_Status,int,,10,0,NO,,13,NO,tabak_mariadb
BPACustomBPATabakProd,SuperBillAllocations,RawJson,longtext,4294967295,,,NO,,14,NO,tabak_mariadb
BPACustomBPATabakProd,SuperBillAllocations,CreatedById,int,,10,0,YES,NULL,15,NO,tabak_mariadb
BPACustomBPATabakProd,SuperBillAllocations,CreatedByName,varchar,50,,,YES,NULL,16,NO,tabak_mariadb
BPACustomBPATabakProd,SuperBillAllocations,UpdatedById,int,,10,0,YES,NULL,17,NO,tabak_mariadb
BPACustomBPATabakProd,SuperBillAllocations,UpdatedByName,varchar,50,,,YES,NULL,18,NO,tabak_mariadb
BPACustomBPATabakProd,SuperBillAllocations,CreatedDate,datetime,,,,NO,,19,NO,tabak_mariadb
BPACustomBPATabakProd,SuperBillAllocations,UpdatedDate,datetime,,,,YES,NULL,20,NO,tabak_mariadb
BPACustomBPATabakProd,SuperBillClaimProviders,Id,bigint,,19,0,NO,,1,YES,tabak_mariadb
BPACustomBPATabakProd,SuperBillClaimProviders,ClaimRecordId,bigint,,19,0,NO,,2,NO,tabak_mariadb
BPACustomBPATabakProd,SuperBillClaimProviders,Role,int,,10,0,NO,,3,NO,tabak_mariadb
BPACustomBPATabakProd,SuperBillClaimProviders,Provider_Name,varchar,200,,,YES,NULL,4,NO,tabak_mariadb
BPACustomBPATabakProd,SuperBillClaimProviders,Provider_NPI,varchar,20,,,YES,NULL,5,NO,tabak_mariadb
BPACustomBPATabakProd,SuperBillClaimProviders,Provider_Addr1,varchar,200,,,YES,NULL,6,NO,tabak_mariadb
BPACustomBPATabakProd,SuperBillClaimProviders,Provider_Addr2,varchar,200,,,YES,NULL,7,NO,tabak_mariadb
BPACustomBPATabakProd,SuperBillClaimProviders,Provider_City,varchar,100,,,YES,NULL,8,NO,tabak_mariadb
BPACustomBPATabakProd,SuperBillClaimProviders,Provider_State,varchar,50,,,YES,NULL,9,NO,tabak_mariadb
BPACustomBPATabakProd,SuperBillClaimProviders,Provider_Zip,varchar,20,,,YES,NULL,10,NO,tabak_mariadb
BPACustomBPATabakProd,SuperBillClaimProviders,Provider_FedId,varchar,50,,,YES,NULL,11,NO,tabak_mariadb
BPACustomBPATabakProd,SuperBillClaimProviders,Provider_TaxId,varchar,50,,,YES,NULL,12,NO,tabak_mariadb
BPACustomBPATabakProd,SuperBillClaimProviders,Provider_Taxonomy,varchar,50,,,YES,NULL,13,NO,tabak_mariadb
BPACustomBPATabakProd,SuperBillClaimProviders,EzClaimProviderId,int,,10,0,YES,NULL,14,NO,tabak_mariadb
BPACustomBPATabakProd,SuperBillClaimProviders,ClaimRecordId1,bigint,,19,0,YES,NULL,15,NO,tabak_mariadb
BPACustomBPATabakProd,SuperBillClaimProviders,CreatedById,int,,10,0,YES,NULL,16,NO,tabak_mariadb
BPACustomBPATabakProd,SuperBillClaimProviders,CreatedByName,varchar,50,,,YES,NULL,17,NO,tabak_mariadb
BPACustomBPATabakProd,SuperBillClaimProviders,UpdatedById,int,,10,0,YES,NULL,18,NO,tabak_mariadb
BPACustomBPATabakProd,SuperBillClaimProviders,UpdatedByName,varchar,50,,,YES,NULL,19,NO,tabak_mariadb
BPACustomBPATabakProd,SuperBillClaimProviders,CreatedDate,datetime,,,,NO,,20,NO,tabak_mariadb
BPACustomBPATabakProd,SuperBillClaimProviders,UpdatedDate,datetime,,,,YES,NULL,21,NO,tabak_mariadb
BPACustomBPATabakProd,SuperBillClaims,Id,bigint,,19,0,NO,,1,YES,tabak_mariadb
BPACustomBPATabakProd,SuperBillClaims,AllocationRecordId,bigint,,19,0,NO,,2,NO,tabak_mariadb
BPACustomBPATabakProd,SuperBillClaims,Patient_Control_Number,varchar,100,,,YES,NULL,3,NO,tabak_mariadb
BPACustomBPATabakProd,SuperBillClaims,Claim_Total_Charge_Amt,decimal,,65,30,YES,NULL,4,NO,tabak_mariadb
BPACustomBPATabakProd,SuperBillClaims,Claim_Filing_indicator,varchar,20,,,YES,NULL,5,NO,tabak_mariadb
BPACustomBPATabakProd,SuperBillClaims,Claim_Frequency_Code,varchar,20,,,YES,NULL,6,NO,tabak_mariadb
BPACustomBPATabakProd,SuperBillClaims,Claim_Date_of_Service,datetime,,,,YES,NULL,7,NO,tabak_mariadb
BPACustomBPATabakProd,SuperBillClaims,Claim_Auth_No,varchar,100,,,YES,NULL,8,NO,tabak_mariadb
BPACustomBPATabakProd,SuperBillClaims,Patient_Paid_Amt,decimal,,65,30,YES,NULL,9,NO,tabak_mariadb
BPACustomBPATabakProd,SuperBillClaims,CLIA_Number,varchar,50,,,YES,NULL,10,NO,tabak_mariadb
BPACustomBPATabakProd,SuperBillClaims,CLaim_Invoice_Number,varchar,100,,,YES,NULL,11,NO,tabak_mariadb
BPACustomBPATabakProd,SuperBillClaims,Admission_Date,datetime,,,,YES,NULL,12,NO,tabak_mariadb
BPACustomBPATabakProd,SuperBillClaims,Patient_Last_Seen_Date,datetime,,,,YES,NULL,13,NO,tabak_mariadb
BPACustomBPATabakProd,SuperBillClaims,Status,int,,10,0,NO,,14,NO,tabak_mariadb
BPACustomBPATabakProd,SuperBillClaims,PatientId,bigint,,19,0,YES,NULL,15,NO,tabak_mariadb
BPACustomBPATabakProd,SuperBillClaims,CreatedById,int,,10,0,YES,NULL,16,NO,tabak_mariadb
BPACustomBPATabakProd,SuperBillClaims,CreatedByName,varchar,50,,,YES,NULL,17,NO,tabak_mariadb
BPACustomBPATabakProd,SuperBillClaims,UpdatedById,int,,10,0,YES,NULL,18,NO,tabak_mariadb
BPACustomBPATabakProd,SuperBillClaims,UpdatedByName,varchar,50,,,YES,NULL,19,NO,tabak_mariadb
BPACustomBPATabakProd,SuperBillClaims,CreatedDate,datetime,,,,NO,,20,NO,tabak_mariadb
BPACustomBPATabakProd,SuperBillClaims,UpdatedDate,datetime,,,,YES,NULL,21,NO,tabak_mariadb
BPACustomBPATabakProd,SuperBillClaims,EzClaimId,int,,10,0,YES,NULL,22,NO,tabak_mariadb
BPACustomBPATabakProd,SuperBillDiagnosisCodes,Id,bigint,,19,0,NO,,1,YES,tabak_mariadb
BPACustomBPATabakProd,SuperBillDiagnosisCodes,ClaimRecordId,bigint,,19,0,NO,,2,NO,tabak_mariadb
BPACustomBPATabakProd,SuperBillDiagnosisCodes,Primary_DX,varchar,20,,,YES,NULL,3,NO,tabak_mariadb
BPACustomBPATabakProd,SuperBillDiagnosisCodes,Secondary_DX1,varchar,20,,,YES,NULL,4,NO,tabak_mariadb
BPACustomBPATabakProd,SuperBillDiagnosisCodes,Secondary_DX2,varchar,20,,,YES,NULL,5,NO,tabak_mariadb
BPACustomBPATabakProd,SuperBillDiagnosisCodes,Secondary_DX3,varchar,20,,,YES,NULL,6,NO,tabak_mariadb
BPACustomBPATabakProd,SuperBillDiagnosisCodes,Secondary_DX4,varchar,20,,,YES,NULL,7,NO,tabak_mariadb
BPACustomBPATabakProd,SuperBillDiagnosisCodes,Secondary_DX5,varchar,20,,,YES,NULL,8,NO,tabak_mariadb
BPACustomBPATabakProd,SuperBillDiagnosisCodes,Secondary_DX6,varchar,20,,,YES,NULL,9,NO,tabak_mariadb
BPACustomBPATabakProd,SuperBillDiagnosisCodes,Secondary_DX7,varchar,20,,,YES,NULL,10,NO,tabak_mariadb
BPACustomBPATabakProd,SuperBillDiagnosisCodes,Secondary_DX8,varchar,20,,,YES,NULL,11,NO,tabak_mariadb
BPACustomBPATabakProd,SuperBillDiagnosisCodes,Secondary_DX9,varchar,20,,,YES,NULL,12,NO,tabak_mariadb
BPACustomBPATabakProd,SuperBillDiagnosisCodes,Secondary_DX10,varchar,20,,,YES,NULL,13,NO,tabak_mariadb
BPACustomBPATabakProd,SuperBillDiagnosisCodes,Secondary_DX11,varchar,20,,,YES,NULL,14,NO,tabak_mariadb
BPACustomBPATabakProd,SuperBillDiagnosisCodes,Secondary_DX12,varchar,20,,,YES,NULL,15,NO,tabak_mariadb
BPACustomBPATabakProd,SuperBillDiagnosisCodes,CreatedById,int,,10,0,YES,NULL,16,NO,tabak_mariadb
BPACustomBPATabakProd,SuperBillDiagnosisCodes,CreatedByName,varchar,50,,,YES,NULL,17,NO,tabak_mariadb
BPACustomBPATabakProd,SuperBillDiagnosisCodes,UpdatedById,int,,10,0,YES,NULL,18,NO,tabak_mariadb
BPACustomBPATabakProd,SuperBillDiagnosisCodes,UpdatedByName,varchar,50,,,YES,NULL,19,NO,tabak_mariadb
BPACustomBPATabakProd,SuperBillDiagnosisCodes,CreatedDate,datetime,,,,NO,,20,NO,tabak_mariadb
BPACustomBPATabakProd,SuperBillDiagnosisCodes,UpdatedDate,datetime,,,,YES,NULL,21,NO,tabak_mariadb
BPACustomBPATabakProd,SuperBillPayers,Id,bigint,,19,0,NO,,1,YES,tabak_mariadb
BPACustomBPATabakProd,SuperBillPayers,ClaimRecordId,bigint,,19,0,NO,,2,NO,tabak_mariadb
BPACustomBPATabakProd,SuperBillPayers,Payer_Name,varchar,200,,,YES,NULL,3,NO,tabak_mariadb
BPACustomBPATabakProd,SuperBillPayers,Payer_Id,varchar,50,,,YES,NULL,4,NO,tabak_mariadb
BPACustomBPATabakProd,SuperBillPayers,Payer_Addr1,varchar,200,,,YES,NULL,5,NO,tabak_mariadb
BPACustomBPATabakProd,SuperBillPayers,Payer_Addr2,varchar,200,,,YES,NULL,6,NO,tabak_mariadb
BPACustomBPATabakProd,SuperBillPayers,Payer_City,varchar,100,,,YES,NULL,7,NO,tabak_mariadb
BPACustomBPATabakProd,SuperBillPayers,Payer_State,varchar,50,,,YES,NULL,8,NO,tabak_mariadb
BPACustomBPATabakProd,SuperBillPayers,Payer_Zip,varchar,20,,,YES,NULL,9,NO,tabak_mariadb
BPACustomBPATabakProd,SuperBillPayers,Payer_Type,varchar,50,,,YES,NULL,10,NO,tabak_mariadb
BPACustomBPATabakProd,SuperBillPayers,EzClaimPayerId,int,,10,0,NO,,11,NO,tabak_mariadb
BPACustomBPATabakProd,SuperBillPayers,CreatedById,int,,10,0,YES,NULL,12,NO,tabak_mariadb
BPACustomBPATabakProd,SuperBillPayers,CreatedByName,varchar,50,,,YES,NULL,13,NO,tabak_mariadb
BPACustomBPATabakProd,SuperBillPayers,UpdatedById,int,,10,0,YES,NULL,14,NO,tabak_mariadb
BPACustomBPATabakProd,SuperBillPayers,UpdatedByName,varchar,50,,,YES,NULL,15,NO,tabak_mariadb
BPACustomBPATabakProd,SuperBillPayers,CreatedDate,datetime,,,,NO,,16,NO,tabak_mariadb
BPACustomBPATabakProd,SuperBillPayers,UpdatedDate,datetime,,,,YES,NULL,17,NO,tabak_mariadb
BPACustomBPATabakProd,SuperBillServiceLines,Id,bigint,,19,0,NO,,1,YES,tabak_mariadb
BPACustomBPATabakProd,SuperBillServiceLines,ClaimRecordId,bigint,,19,0,NO,,2,NO,tabak_mariadb
BPACustomBPATabakProd,SuperBillServiceLines,Service_From_Date,datetime,,,,YES,NULL,3,NO,tabak_mariadb
BPACustomBPATabakProd,SuperBillServiceLines,Service_To_Date,datetime,,,,YES,NULL,4,NO,tabak_mariadb
BPACustomBPATabakProd,SuperBillServiceLines,Procedure_Code,varchar,20,,,YES,NULL,5,NO,tabak_mariadb
BPACustomBPATabakProd,SuperBillServiceLines,Mod1,varchar,10,,,YES,NULL,6,NO,tabak_mariadb
BPACustomBPATabakProd,SuperBillServiceLines,Mod2,varchar,10,,,YES,NULL,7,NO,tabak_mariadb
BPACustomBPATabakProd,SuperBillServiceLines,Mod3,varchar,10,,,YES,NULL,8,NO,tabak_mariadb
BPACustomBPATabakProd,SuperBillServiceLines,Mod4,varchar,10,,,YES,NULL,9,NO,tabak_mariadb
BPACustomBPATabakProd,SuperBillServiceLines,Service_Billed_Amt,decimal,,65,30,YES,NULL,10,NO,tabak_mariadb
BPACustomBPATabakProd,SuperBillServiceLines,D_U,int,,10,0,YES,NULL,11,NO,tabak_mariadb
BPACustomBPATabakProd,SuperBillServiceLines,Place_Of_Service,varchar,10,,,YES,NULL,12,NO,tabak_mariadb
BPACustomBPATabakProd,SuperBillServiceLines,DX_1,varchar,20,,,YES,NULL,13,NO,tabak_mariadb
BPACustomBPATabakProd,SuperBillServiceLines,DX_2,varchar,20,,,YES,NULL,14,NO,tabak_mariadb
BPACustomBPATabakProd,SuperBillServiceLines,DX_3,varchar,20,,,YES,NULL,15,NO,tabak_mariadb
BPACustomBPATabakProd,SuperBillServiceLines,DX_4,varchar,20,,,YES,NULL,16,NO,tabak_mariadb
BPACustomBPATabakProd,SuperBillServiceLines,User_Status,varchar,50,,,YES,NULL,17,NO,tabak_mariadb
BPACustomBPATabakProd,SuperBillServiceLines,CreatedById,int,,10,0,YES,NULL,18,NO,tabak_mariadb
BPACustomBPATabakProd,SuperBillServiceLines,CreatedByName,varchar,50,,,YES,NULL,19,NO,tabak_mariadb
BPACustomBPATabakProd,SuperBillServiceLines,UpdatedById,int,,10,0,YES,NULL,20,NO,tabak_mariadb
BPACustomBPATabakProd,SuperBillServiceLines,UpdatedByName,varchar,50,,,YES,NULL,21,NO,tabak_mariadb
BPACustomBPATabakProd,SuperBillServiceLines,CreatedDate,datetime,,,,NO,,22,NO,tabak_mariadb
BPACustomBPATabakProd,SuperBillServiceLines,UpdatedDate,datetime,,,,YES,NULL,23,NO,tabak_mariadb
BPACustomBPATabakProd,Transactions,Transation_id,int,,10,0,NO,,1,YES,tabak_mariadb
BPACustomBPATabakProd,Transactions,account_id,int,,10,0,NO,,2,NO,tabak_mariadb
BPACustomBPATabakProd,Transactions,client_name,longtext,4294967295,,,NO,,3,NO,tabak_mariadb
BPACustomBPATabakProd,Transactions,client_id,int,,10,0,YES,NULL,4,NO,tabak_mariadb
BPACustomBPATabakProd,Transactions,file_id,longtext,4294967295,,,NO,,5,NO,tabak_mariadb
BPACustomBPATabakProd,Transactions,file_type,longtext,4294967295,,,YES,NULL,6,NO,tabak_mariadb
BPACustomBPATabakProd,Transactions,file_open_date,datetime,,,,YES,NULL,7,NO,tabak_mariadb
BPACustomBPATabakProd,Transactions,state,longtext,4294967295,,,YES,NULL,8,NO,tabak_mariadb
BPACustomBPATabakProd,Transactions,file_receive_date,datetime,,,,YES,NULL,9,NO,tabak_mariadb
BPACustomBPATabakProd,Transactions,file_completion_date,datetime,,,,YES,NULL,10,NO,tabak_mariadb
BPACustomBPATabakProd,Transactions,status,int,,10,0,NO,,11,NO,tabak_mariadb
BPACustomBPATabakProd,Transactions,process_code,longtext,4294967295,,,NO,,12,NO,tabak_mariadb
BPACustomBPATabakProd,Transactions,date_created,datetime,,,,NO,,13,NO,tabak_mariadb
BPACustomBPATabakProd,Transactions,template_info,longtext,4294967295,,,NO,,14,NO,tabak_mariadb
BPACustomBPATabakProd,Transactions,output,longtext,4294967295,,,YES,NULL,15,NO,tabak_mariadb
BPACustomBPATabakProd,Transactions,isLocked,tinyint,,3,0,YES,NULL,16,NO,tabak_mariadb
BPACustomBPATabakProd,Transactions,lockedByUser,int,,10,0,YES,NULL,17,NO,tabak_mariadb
BPACustomBPATabakProd,Transactions,lockDateTime,datetime,,,,YES,NULL,18,NO,tabak_mariadb
BPACustomBPATabakProd,Transactions,file_name,longtext,4294967295,,,YES,NULL,19,NO,tabak_mariadb
BPACustomBPATabakProd,Transactions,transaction_type,int,,10,0,NO,0,20,NO,tabak_mariadb
BPACustomBPATabakProd,Transactions,title,longtext,4294967295,,,YES,NULL,21,NO,tabak_mariadb
BPACustomBPATabakProd,Transactions,queue_name,longtext,4294967295,,,YES,NULL,22,NO,tabak_mariadb
BPACustomBPATabakProd,transaction_statistics,stat_id,int,,10,0,NO,,1,YES,tabak_mariadb
BPACustomBPATabakProd,transaction_statistics,account_id,int,,10,0,NO,,2,NO,tabak_mariadb
BPACustomBPATabakProd,transaction_statistics,process_code,varchar,255,,,NO,,3,NO,tabak_mariadb
BPACustomBPATabakProd,transaction_statistics,client_id,int,,10,0,YES,NULL,4,NO,tabak_mariadb
BPACustomBPATabakProd,transaction_statistics,client_name,varchar,255,,,YES,NULL,5,NO,tabak_mariadb
BPACustomBPATabakProd,transaction_statistics,queue_name,varchar,255,,,YES,NULL,6,NO,tabak_mariadb
BPACustomBPATabakProd,transaction_statistics,input_required_count,int,,10,0,NO,,7,NO,tabak_mariadb
BPACustomBPATabakProd,transaction_statistics,complete_count,int,,10,0,NO,,8,NO,tabak_mariadb
BPACustomBPATabakProd,UserClientAccesses,Id,int,,10,0,NO,,1,YES,tabak_mariadb
BPACustomBPATabakProd,UserClientAccesses,user_id,int,,10,0,NO,,2,NO,tabak_mariadb
BPACustomBPATabakProd,UserClientAccesses,ClientId,int,,10,0,NO,,3,NO,tabak_mariadb
BPACustomBPATabakProd,UserClientAccesses,CreatedBy,int,,10,0,NO,,4,NO,tabak_mariadb
BPACustomBPATabakProd,UserClientAccesses,CreatedDate,datetime,,,,NO,,5,NO,tabak_mariadb
BPACustomBPATabakProd,UserImportFileFailures,Id,int,,10,0,NO,,1,YES,tabak_mariadb
BPACustomBPATabakProd,UserImportFileFailures,UserImportFileId,int,,10,0,NO,,2,NO,tabak_mariadb
BPACustomBPATabakProd,UserImportFileFailures,FailureReason,longtext,4294967295,,,NO,,3,NO,tabak_mariadb
BPACustomBPATabakProd,UserImportFileFailures,FailureRowNumber,int,,10,0,NO,,4,NO,tabak_mariadb
BPACustomBPATabakProd,UserImportFileFailures,FailedRow,longtext,4294967295,,,NO,,5,NO,tabak_mariadb
BPACustomBPATabakProd,userImportFiles,Id,int,,10,0,NO,,1,YES,tabak_mariadb
BPACustomBPATabakProd,userImportFiles,FileName,longtext,4294967295,,,NO,,2,NO,tabak_mariadb
BPACustomBPATabakProd,userImportFiles,StoredFileName,longtext,4294967295,,,NO,,3,NO,tabak_mariadb
BPACustomBPATabakProd,userImportFiles,CreationTime,datetime,,,,NO,,4,NO,tabak_mariadb
BPACustomBPATabakProd,userImportFiles,CreatedBy,int,,10,0,NO,,5,NO,tabak_mariadb
BPACustomBPATabakProd,userImportFiles,LastModifiedTime,datetime,,,,YES,NULL,6,NO,tabak_mariadb
BPACustomBPATabakProd,userImportFiles,isImported,tinyint,,3,0,YES,NULL,7,NO,tabak_mariadb
BPACustomBPATabakProd,userImportFiles,ImportDateTime,datetime,,,,YES,NULL,8,NO,tabak_mariadb
BPACustomBPATabakProd,userImportFiles,StorageType,longtext,4294967295,,,NO,,9,NO,tabak_mariadb
BPACustomBPATabakProd,userImportFiles,accountId,int,,10,0,NO,,10,NO,tabak_mariadb
BPACustomBPATabakProd,userImportFiles,ImportStatus,int,,10,0,YES,NULL,11,NO,tabak_mariadb
BPACustomBPATabakProd,userImportFiles,NumberOfSuccessRows,int,,10,0,YES,NULL,12,NO,tabak_mariadb
BPACustomBPATabakProd,userImportFiles,NumberOfFailedRows,int,,10,0,YES,NULL,13,NO,tabak_mariadb
BPACustomBPATabakProd,userImportFiles,FailedRowNumbers,longtext,4294967295,,,YES,NULL,14,NO,tabak_mariadb
BPACustomBPATabakProd,Users,Id,int,,10,0,NO,,1,YES,tabak_mariadb
BPACustomBPATabakProd,Users,agent_id,int,,10,0,YES,NULL,2,NO,tabak_mariadb
BPACustomBPATabakProd,Users,account_id,int,,10,0,YES,NULL,3,NO,tabak_mariadb
BPACustomBPATabakProd,Users,user_name,varchar,50,,,YES,NULL,4,NO,tabak_mariadb
BPACustomBPATabakProd,Users,first_name,varchar,100,,,YES,NULL,5,NO,tabak_mariadb
BPACustomBPATabakProd,Users,last_name,varchar,100,,,YES,NULL,6,NO,tabak_mariadb
BPACustomBPATabakProd,Users,email,varchar,100,,,YES,NULL,7,NO,tabak_mariadb
BPACustomBPATabakProd,Users,phone,varchar,50,,,YES,NULL,8,NO,tabak_mariadb
BPACustomBPATabakProd,Users,encrypted_password,varchar,255,,,YES,NULL,9,NO,tabak_mariadb
BPACustomBPATabakProd,Users,reset_password_token,varchar,100,,,YES,NULL,10,NO,tabak_mariadb
BPACustomBPATabakProd,Users,reset_password_sent_at,datetime,,,,YES,NULL,11,NO,tabak_mariadb
BPACustomBPATabakProd,Users,remember_created_at,datetime,,,,YES,NULL,12,NO,tabak_mariadb
BPACustomBPATabakProd,Users,reset_password_expiry,datetime,,,,YES,NULL,13,NO,tabak_mariadb
BPACustomBPATabakProd,Users,sign_in_count,int,,10,0,YES,NULL,14,NO,tabak_mariadb
BPACustomBPATabakProd,Users,current_sign_in_at,datetime,,,,YES,NULL,15,NO,tabak_mariadb
BPACustomBPATabakProd,Users,last_sign_in_at,datetime,,,,YES,NULL,16,NO,tabak_mariadb
BPACustomBPATabakProd,Users,current_sign_in_ip,varchar,50,,,YES,NULL,17,NO,tabak_mariadb
BPACustomBPATabakProd,Users,last_sign_in_ip,varchar,50,,,YES,NULL,18,NO,tabak_mariadb
BPACustomBPATabakProd,Users,confirmed_at,datetime,,,,YES,NULL,19,NO,tabak_mariadb
BPACustomBPATabakProd,Users,confirmation_sent_at,datetime,,,,YES,NULL,20,NO,tabak_mariadb
BPACustomBPATabakProd,Users,failed_attempts,int,,10,0,YES,NULL,21,NO,tabak_mariadb
BPACustomBPATabakProd,Users,locked_at,datetime,,,,YES,NULL,22,NO,tabak_mariadb
BPACustomBPATabakProd,Users,app_version,varchar,100,,,YES,NULL,23,NO,tabak_mariadb
BPACustomBPATabakProd,Users,unlocked,varchar,50,,,YES,NULL,24,NO,tabak_mariadb
BPACustomBPATabakProd,Users,auth_provider,varchar,10,,,YES,NULL,25,NO,tabak_mariadb
BPACustomBPATabakProd,Users,access_token,varchar,1000,,,YES,NULL,26,NO,tabak_mariadb
BPACustomBPATabakProd,Users,refresh_token,varchar,100,,,YES,NULL,27,NO,tabak_mariadb
BPACustomBPATabakProd,Users,expiry_date,datetime,,,,YES,NULL,28,NO,tabak_mariadb
BPACustomBPATabakProd,Users,archived,varchar,10,,,YES,NULL,29,NO,tabak_mariadb
BPACustomBPATabakProd,Users,archived_at,datetime,,,,YES,NULL,30,NO,tabak_mariadb
BPACustomBPATabakProd,Users,created_by,varchar,100,,,YES,NULL,31,NO,tabak_mariadb
BPACustomBPATabakProd,Users,created_at,datetime,,,,YES,NULL,32,NO,tabak_mariadb
BPACustomBPATabakProd,Users,updated_by,varchar,100,,,YES,NULL,33,NO,tabak_mariadb
BPACustomBPATabakProd,Users,updated_at,datetime,,,,YES,NULL,34,NO,tabak_mariadb
BPACustomBPATabakProd,Users,last_login,datetime,,,,YES,NULL,35,NO,tabak_mariadb
BPACustomBPATabakProd,User_Processes,Id,int,,10,0,NO,,1,YES,tabak_mariadb
BPACustomBPATabakProd,User_Processes,user_id,int,,10,0,NO,,2,NO,tabak_mariadb
BPACustomBPATabakProd,User_Processes,process_id,int,,10,0,NO,,3,NO,tabak_mariadb
BPACustomBPATabakProd,User_Processes,created_by,varchar,100,,,YES,NULL,4,NO,tabak_mariadb
BPACustomBPATabakProd,User_Processes,created_at,datetime,,,,YES,NULL,5,NO,tabak_mariadb
BPACustomBPATabakProd,User_Processes,updated_by,varchar,100,,,YES,NULL,6,NO,tabak_mariadb
BPACustomBPATabakProd,User_Processes,updated_at,datetime,,,,YES,NULL,7,NO,tabak_mariadb
BPACustomBPATabakProd,User_Roles,Id,int,,10,0,NO,,1,YES,tabak_mariadb
BPACustomBPATabakProd,User_Roles,user_id,int,,10,0,NO,,2,NO,tabak_mariadb
BPACustomBPATabakProd,User_Roles,role_id,int,,10,0,NO,,3,NO,tabak_mariadb
BPACustomBPATabakProd,User_Roles,status,varchar,100,,,YES,NULL,4,NO,tabak_mariadb
BPACustomBPATabakProd,User_Roles,created_by,int,,10,0,YES,NULL,5,NO,tabak_mariadb
BPACustomBPATabakProd,User_Roles,created_at,datetime,,,,YES,NULL,6,NO,tabak_mariadb
BPACustomBPATabakProd,User_Roles,updated_by,int,,10,0,YES,NULL,7,NO,tabak_mariadb
BPACustomBPATabakProd,User_Roles,updated_at,datetime,,,,YES,NULL,8,NO,tabak_mariadb
BPACustomBPATabakProd,view_unified_superbill_claims_flat,claim_id,bigint,,19,0,NO,0,1,NO,tabak_mariadb
BPACustomBPATabakProd,view_unified_superbill_claims_flat,allocation_id,bigint,,19,0,NO,,2,NO,tabak_mariadb
BPACustomBPATabakProd,view_unified_superbill_claims_flat,patient_id,bigint,,19,0,YES,NULL,3,NO,tabak_mariadb
BPACustomBPATabakProd,view_unified_superbill_claims_flat,claim_reference,varchar,100,,,YES,NULL,4,NO,tabak_mariadb
BPACustomBPATabakProd,view_unified_superbill_claims_flat,claim_total_charge_amt,decimal,,65,30,YES,NULL,5,NO,tabak_mariadb
BPACustomBPATabakProd,view_unified_superbill_claims_flat,claim_paid_amt,decimal,,65,30,YES,NULL,6,NO,tabak_mariadb
BPACustomBPATabakProd,view_unified_superbill_claims_flat,claim_status,int,,10,0,NO,,7,NO,tabak_mariadb
BPACustomBPATabakProd,view_unified_superbill_claims_flat,clia_number,varchar,50,,,YES,NULL,8,NO,tabak_mariadb
BPACustomBPATabakProd,view_unified_superbill_claims_flat,invoice_number,varchar,100,,,YES,NULL,9,NO,tabak_mariadb
BPACustomBPATabakProd,view_unified_superbill_claims_flat,service_date_from,datetime,,,,YES,NULL,10,NO,tabak_mariadb
BPACustomBPATabakProd,view_unified_superbill_claims_flat,service_date_to,datetime,,,,YES,NULL,11,NO,tabak_mariadb
BPACustomBPATabakProd,view_unified_superbill_claims_flat,allocation_file_name,varchar,260,,,YES,NULL,12,NO,tabak_mariadb
BPACustomBPATabakProd,view_unified_superbill_claims_flat,allocation_client,varchar,200,,,YES,NULL,13,NO,tabak_mariadb
BPACustomBPATabakProd,view_unified_superbill_claims_flat,allocation_account,varchar,200,,,YES,NULL,14,NO,tabak_mariadb
BPACustomBPATabakProd,view_unified_superbill_claims_flat,payer_name,varchar,200,,,YES,NULL,15,NO,tabak_mariadb
BPACustomBPATabakProd,view_unified_superbill_claims_flat,payee_name,char,0,,,YES,NULL,16,NO,tabak_mariadb
BPACustomBPATabakProd,view_unified_superbill_claims_flat,primary_dx,varchar,20,,,YES,NULL,17,NO,tabak_mariadb
BPACustomBPATabakProd,view_unified_superbill_claims_flat,secondary_dx1,varchar,20,,,YES,NULL,18,NO,tabak_mariadb
BPACustomBPATabakProd,view_unified_superbill_claims_flat,secondary_dx2,varchar,20,,,YES,NULL,19,NO,tabak_mariadb
BPACustomBPATabakProd,view_unified_superbill_claims_flat,secondary_dx3,varchar,20,,,YES,NULL,20,NO,tabak_mariadb
BPACustomBPATabakProd,view_unified_superbill_claims_flat,secondary_dx4,varchar,20,,,YES,NULL,21,NO,tabak_mariadb
BPACustomBPATabakProd,view_unified_superbill_claims_flat,secondary_dx5,varchar,20,,,YES,NULL,22,NO,tabak_mariadb
BPACustomBPATabakProd,view_unified_superbill_claims_flat,secondary_dx6,varchar,20,,,YES,NULL,23,NO,tabak_mariadb
BPACustomBPATabakProd,view_unified_superbill_claims_flat,secondary_dx7,varchar,20,,,YES,NULL,24,NO,tabak_mariadb
BPACustomBPATabakProd,view_unified_superbill_claims_flat,secondary_dx8,varchar,20,,,YES,NULL,25,NO,tabak_mariadb
BPACustomBPATabakProd,view_unified_superbill_claims_flat,secondary_dx9,varchar,20,,,YES,NULL,26,NO,tabak_mariadb
BPACustomBPATabakProd,view_unified_superbill_claims_flat,secondary_dx10,varchar,20,,,YES,NULL,27,NO,tabak_mariadb
BPACustomBPATabakProd,view_unified_superbill_claims_flat,secondary_dx11,varchar,20,,,YES,NULL,28,NO,tabak_mariadb
BPACustomBPATabakProd,view_unified_superbill_claims_flat,secondary_dx12,varchar,20,,,YES,NULL,29,NO,tabak_mariadb
BPACustomBPATabakProd,view_unified_superbill_claims_flat,service_line_1_service_from_date,datetime,,,,YES,NULL,30,NO,tabak_mariadb
BPACustomBPATabakProd,view_unified_superbill_claims_flat,service_line_1_service_to_date,datetime,,,,YES,NULL,31,NO,tabak_mariadb
BPACustomBPATabakProd,view_unified_superbill_claims_flat,service_line_1_procedure_code,varchar,20,,,YES,NULL,32,NO,tabak_mariadb
BPACustomBPATabakProd,view_unified_superbill_claims_flat,service_line_1_mod1,varchar,10,,,YES,NULL,33,NO,tabak_mariadb
BPACustomBPATabakProd,view_unified_superbill_claims_flat,service_line_1_mod2,varchar,10,,,YES,NULL,34,NO,tabak_mariadb
BPACustomBPATabakProd,view_unified_superbill_claims_flat,service_line_1_mod3,varchar,10,,,YES,NULL,35,NO,tabak_mariadb
BPACustomBPATabakProd,view_unified_superbill_claims_flat,service_line_1_mod4,varchar,10,,,YES,NULL,36,NO,tabak_mariadb
BPACustomBPATabakProd,view_unified_superbill_claims_flat,service_line_1_service_billed_amt,decimal,,65,30,YES,NULL,37,NO,tabak_mariadb
BPACustomBPATabakProd,view_unified_superbill_claims_flat,service_line_1_d_u,bigint,,19,0,YES,NULL,38,NO,tabak_mariadb
BPACustomBPATabakProd,view_unified_superbill_claims_flat,service_line_1_place_of_service,varchar,10,,,YES,NULL,39,NO,tabak_mariadb
BPACustomBPATabakProd,view_unified_superbill_claims_flat,service_line_1_dx_1,varchar,20,,,YES,NULL,40,NO,tabak_mariadb
BPACustomBPATabakProd,view_unified_superbill_claims_flat,service_line_1_dx_2,varchar,20,,,YES,NULL,41,NO,tabak_mariadb
BPACustomBPATabakProd,view_unified_superbill_claims_flat,service_line_1_dx_3,varchar,20,,,YES,NULL,42,NO,tabak_mariadb
BPACustomBPATabakProd,view_unified_superbill_claims_flat,service_line_1_dx_4,varchar,20,,,YES,NULL,43,NO,tabak_mariadb
BPACustomBPATabakProd,view_unified_superbill_claims_flat,service_line_1_user_status,varchar,50,,,YES,NULL,44,NO,tabak_mariadb
BPACustomBPATabakProd,view_unified_superbill_claims_flat,service_line_2_service_from_date,datetime,,,,YES,NULL,45,NO,tabak_mariadb
BPACustomBPATabakProd,view_unified_superbill_claims_flat,service_line_2_service_to_date,datetime,,,,YES,NULL,46,NO,tabak_mariadb
BPACustomBPATabakProd,view_unified_superbill_claims_flat,service_line_2_procedure_code,varchar,20,,,YES,NULL,47,NO,tabak_mariadb
BPACustomBPATabakProd,view_unified_superbill_claims_flat,service_line_2_mod1,varchar,10,,,YES,NULL,48,NO,tabak_mariadb
BPACustomBPATabakProd,view_unified_superbill_claims_flat,service_line_2_mod2,varchar,10,,,YES,NULL,49,NO,tabak_mariadb
BPACustomBPATabakProd,view_unified_superbill_claims_flat,service_line_2_mod3,varchar,10,,,YES,NULL,50,NO,tabak_mariadb
BPACustomBPATabakProd,view_unified_superbill_claims_flat,service_line_2_mod4,varchar,10,,,YES,NULL,51,NO,tabak_mariadb
BPACustomBPATabakProd,view_unified_superbill_claims_flat,service_line_2_service_billed_amt,decimal,,65,30,YES,NULL,52,NO,tabak_mariadb
BPACustomBPATabakProd,view_unified_superbill_claims_flat,service_line_2_d_u,bigint,,19,0,YES,NULL,53,NO,tabak_mariadb
BPACustomBPATabakProd,view_unified_superbill_claims_flat,service_line_2_place_of_service,varchar,10,,,YES,NULL,54,NO,tabak_mariadb
BPACustomBPATabakProd,view_unified_superbill_claims_flat,service_line_2_dx_1,varchar,20,,,YES,NULL,55,NO,tabak_mariadb
BPACustomBPATabakProd,view_unified_superbill_claims_flat,service_line_2_dx_2,varchar,20,,,YES,NULL,56,NO,tabak_mariadb
BPACustomBPATabakProd,view_unified_superbill_claims_flat,service_line_2_dx_3,varchar,20,,,YES,NULL,57,NO,tabak_mariadb
BPACustomBPATabakProd,view_unified_superbill_claims_flat,service_line_2_dx_4,varchar,20,,,YES,NULL,58,NO,tabak_mariadb
BPACustomBPATabakProd,view_unified_superbill_claims_flat,service_line_2_user_status,varchar,50,,,YES,NULL,59,NO,tabak_mariadb
BPACustomBPATabakProd,v_unified_superbills,sbc_Id,bigint,,19,0,NO,0,1,NO,tabak_mariadb
BPACustomBPATabakProd,v_unified_superbills,sbc_AllocationRecordId,bigint,,19,0,NO,,2,NO,tabak_mariadb
BPACustomBPATabakProd,v_unified_superbills,sbc_Patient_Control_Number,varchar,100,,,YES,NULL,3,NO,tabak_mariadb
BPACustomBPATabakProd,v_unified_superbills,sbc_Claim_Total_Charge_Amt,decimal,,65,30,YES,NULL,4,NO,tabak_mariadb
BPACustomBPATabakProd,v_unified_superbills,sbc_Claim_Filing_indicator,varchar,20,,,YES,NULL,5,NO,tabak_mariadb
BPACustomBPATabakProd,v_unified_superbills,sbc_Claim_Frequency_Code,varchar,20,,,YES,NULL,6,NO,tabak_mariadb
BPACustomBPATabakProd,v_unified_superbills,sbc_Claim_Date_of_Service,datetime,,,,YES,NULL,7,NO,tabak_mariadb
BPACustomBPATabakProd,v_unified_superbills,sbc_Claim_Auth_No,varchar,100,,,YES,NULL,8,NO,tabak_mariadb
BPACustomBPATabakProd,v_unified_superbills,sbc_Patient_Paid_Amt,decimal,,65,30,YES,NULL,9,NO,tabak_mariadb
BPACustomBPATabakProd,v_unified_superbills,sbc_CLIA_Number,varchar,50,,,YES,NULL,10,NO,tabak_mariadb
BPACustomBPATabakProd,v_unified_superbills,sbc_CLaim_Invoice_Number,varchar,100,,,YES,NULL,11,NO,tabak_mariadb
BPACustomBPATabakProd,v_unified_superbills,sbc_Admission_Date,datetime,,,,YES,NULL,12,NO,tabak_mariadb
BPACustomBPATabakProd,v_unified_superbills,sbc_Patient_Last_Seen_Date,datetime,,,,YES,NULL,13,NO,tabak_mariadb
BPACustomBPATabakProd,v_unified_superbills,sbc_Status,int,,10,0,NO,,14,NO,tabak_mariadb
BPACustomBPATabakProd,v_unified_superbills,sbc_PatientId,bigint,,19,0,YES,NULL,15,NO,tabak_mariadb
BPACustomBPATabakProd,v_unified_superbills,sbc_CreatedById,int,,10,0,YES,NULL,16,NO,tabak_mariadb
BPACustomBPATabakProd,v_unified_superbills,sbc_CreatedByName,varchar,50,,,YES,NULL,17,NO,tabak_mariadb
BPACustomBPATabakProd,v_unified_superbills,sbc_UpdatedById,int,,10,0,YES,NULL,18,NO,tabak_mariadb
BPACustomBPATabakProd,v_unified_superbills,sbc_UpdatedByName,varchar,50,,,YES,NULL,19,NO,tabak_mariadb
BPACustomBPATabakProd,v_unified_superbills,sbc_CreatedDate,datetime,,,,NO,,20,NO,tabak_mariadb
BPACustomBPATabakProd,v_unified_superbills,sbc_UpdatedDate,datetime,,,,YES,NULL,21,NO,tabak_mariadb
BPACustomBPATabakProd,v_unified_superbills,sbc_EzClaimId,int,,10,0,YES,NULL,22,NO,tabak_mariadb
BPACustomBPATabakProd,v_unified_superbills,pr_Id,bigint,,19,0,YES,0,23,NO,tabak_mariadb
BPACustomBPATabakProd,v_unified_superbills,pr_Patient_FN,varchar,100,,,YES,NULL,24,NO,tabak_mariadb
BPACustomBPATabakProd,v_unified_superbills,pr_Patient_LN,varchar,100,,,YES,NULL,25,NO,tabak_mariadb
BPACustomBPATabakProd,v_unified_superbills,pr_Patient_MI,varchar,20,,,YES,NULL,26,NO,tabak_mariadb
BPACustomBPATabakProd,v_unified_superbills,pr_Patient_Id,varchar,100,,,YES,NULL,27,NO,tabak_mariadb
BPACustomBPATabakProd,v_unified_superbills,pr_Patient_Account_Number,varchar,100,,,YES,NULL,28,NO,tabak_mariadb
BPACustomBPATabakProd,v_unified_superbills,pr_Patient_Control_Number,varchar,100,,,YES,NULL,29,NO,tabak_mariadb
BPACustomBPATabakProd,v_unified_superbills,pr_Patient_Group,varchar,100,,,YES,NULL,30,NO,tabak_mariadb
BPACustomBPATabakProd,v_unified_superbills,pr_Patient_Addr1,varchar,200,,,YES,NULL,31,NO,tabak_mariadb
BPACustomBPATabakProd,v_unified_superbills,pr_Patient_Addr2,varchar,200,,,YES,NULL,32,NO,tabak_mariadb
BPACustomBPATabakProd,v_unified_superbills,pr_Patient_City,varchar,100,,,YES,NULL,33,NO,tabak_mariadb
BPACustomBPATabakProd,v_unified_superbills,pr_Patient_State,varchar,50,,,YES,NULL,34,NO,tabak_mariadb
BPACustomBPATabakProd,v_unified_superbills,pr_Patient_Zip,varchar,20,,,YES,NULL,35,NO,tabak_mariadb
BPACustomBPATabakProd,v_unified_superbills,pr_Patient_DOB,datetime,,,,YES,NULL,36,NO,tabak_mariadb
BPACustomBPATabakProd,v_unified_superbills,pr_Patient_Gender,varchar,10,,,YES,NULL,37,NO,tabak_mariadb
BPACustomBPATabakProd,v_unified_superbills,pr_Patient_Relationship,varchar,10,,,YES,NULL,38,NO,tabak_mariadb
BPACustomBPATabakProd,v_unified_superbills,pr_Patient_Marital_Status,varchar,50,,,YES,NULL,39,NO,tabak_mariadb
BPACustomBPATabakProd,v_unified_superbills,pr_Patient_Primary_Phone_No,varchar,50,,,YES,NULL,40,NO,tabak_mariadb
BPACustomBPATabakProd,v_unified_superbills,pr_Patient_Home_Phone_No,varchar,50,,,YES,NULL,41,NO,tabak_mariadb
BPACustomBPATabakProd,v_unified_superbills,pr_Patient_Primary_Email,varchar,200,,,YES,NULL,42,NO,tabak_mariadb
BPACustomBPATabakProd,v_unified_superbills,pr_Insured_Name,varchar,200,,,YES,NULL,43,NO,tabak_mariadb
BPACustomBPATabakProd,v_unified_superbills,pr_EzClaimPatientId,int,,10,0,YES,NULL,44,NO,tabak_mariadb
BPACustomBPATabakProd,v_unified_superbills,pr_CreatedById,int,,10,0,YES,NULL,45,NO,tabak_mariadb
BPACustomBPATabakProd,v_unified_superbills,pr_CreatedByName,varchar,50,,,YES,NULL,46,NO,tabak_mariadb
BPACustomBPATabakProd,v_unified_superbills,pr_UpdatedById,int,,10,0,YES,NULL,47,NO,tabak_mariadb
BPACustomBPATabakProd,v_unified_superbills,pr_UpdatedByName,varchar,50,,,YES,NULL,48,NO,tabak_mariadb
BPACustomBPATabakProd,v_unified_superbills,pr_CreatedDate,datetime,,,,YES,,49,NO,tabak_mariadb
BPACustomBPATabakProd,v_unified_superbills,pr_UpdatedDate,datetime,,,,YES,NULL,50,NO,tabak_mariadb
BPACustomBPATabakProd,v_unified_superbills,sba_Id,bigint,,19,0,YES,0,51,NO,tabak_mariadb
BPACustomBPATabakProd,v_unified_superbills,sba_File_name,varchar,260,,,YES,NULL,52,NO,tabak_mariadb
BPACustomBPATabakProd,v_unified_superbills,sba_File_url,varchar,2000,,,YES,NULL,53,NO,tabak_mariadb
BPACustomBPATabakProd,v_unified_superbills,sba_Date_Of_Service,datetime,,,,YES,NULL,54,NO,tabak_mariadb
BPACustomBPATabakProd,v_unified_superbills,sba_Client,varchar,200,,,YES,NULL,55,NO,tabak_mariadb
BPACustomBPATabakProd,v_unified_superbills,sba_Account,varchar,200,,,YES,NULL,56,NO,tabak_mariadb
BPACustomBPATabakProd,v_unified_superbills,sba_Total_No_Of_Clm_On_File,int,,10,0,YES,NULL,57,NO,tabak_mariadb
BPACustomBPATabakProd,v_unified_superbills,sba_NoOfClaimsCompleted,int,,10,0,YES,NULL,58,NO,tabak_mariadb
BPACustomBPATabakProd,v_unified_superbills,sba_Total_Charge_Amt_On_File,decimal,,65,30,YES,NULL,59,NO,tabak_mariadb
BPACustomBPATabakProd,v_unified_superbills,sba_Download_Date,datetime,,,,YES,NULL,60,NO,tabak_mariadb
BPACustomBPATabakProd,v_unified_superbills,sba_Completed_Date,datetime,,,,YES,NULL,61,NO,tabak_mariadb
BPACustomBPATabakProd,v_unified_superbills,sba_Not_Completed_Reason,varchar,500,,,YES,NULL,62,NO,tabak_mariadb
BPACustomBPATabakProd,v_unified_superbills,sba_File_Status,int,,10,0,YES,,63,NO,tabak_mariadb
BPACustomBPATabakProd,v_unified_superbills,sba_RawJson,longtext,4294967295,,,YES,,64,NO,tabak_mariadb
BPACustomBPATabakProd,v_unified_superbills,sba_CreatedById,int,,10,0,YES,NULL,65,NO,tabak_mariadb
BPACustomBPATabakProd,v_unified_superbills,sba_CreatedByName,varchar,50,,,YES,NULL,66,NO,tabak_mariadb
BPACustomBPATabakProd,v_unified_superbills,sba_UpdatedById,int,,10,0,YES,NULL,67,NO,tabak_mariadb
BPACustomBPATabakProd,v_unified_superbills,sba_UpdatedByName,varchar,50,,,YES,NULL,68,NO,tabak_mariadb
BPACustomBPATabakProd,v_unified_superbills,sba_CreatedDate,datetime,,,,YES,,69,NO,tabak_mariadb
BPACustomBPATabakProd,v_unified_superbills,sba_UpdatedDate,datetime,,,,YES,NULL,70,NO,tabak_mariadb
BPACustomBPATabakProd,v_unified_superbills,sbcp_Id,bigint,,19,0,YES,0,71,NO,tabak_mariadb
BPACustomBPATabakProd,v_unified_superbills,sbcp_ClaimRecordId,bigint,,19,0,YES,,72,NO,tabak_mariadb
BPACustomBPATabakProd,v_unified_superbills,sbcp_Role,int,,10,0,YES,,73,NO,tabak_mariadb
BPACustomBPATabakProd,v_unified_superbills,sbcp_Provider_Name,varchar,200,,,YES,NULL,74,NO,tabak_mariadb
BPACustomBPATabakProd,v_unified_superbills,sbcp_Provider_NPI,varchar,20,,,YES,NULL,75,NO,tabak_mariadb
BPACustomBPATabakProd,v_unified_superbills,sbcp_Provider_Addr1,varchar,200,,,YES,NULL,76,NO,tabak_mariadb
BPACustomBPATabakProd,v_unified_superbills,sbcp_Provider_Addr2,varchar,200,,,YES,NULL,77,NO,tabak_mariadb
BPACustomBPATabakProd,v_unified_superbills,sbcp_Provider_City,varchar,100,,,YES,NULL,78,NO,tabak_mariadb
BPACustomBPATabakProd,v_unified_superbills,sbcp_Provider_State,varchar,50,,,YES,NULL,79,NO,tabak_mariadb
BPACustomBPATabakProd,v_unified_superbills,sbcp_Provider_Zip,varchar,20,,,YES,NULL,80,NO,tabak_mariadb
BPACustomBPATabakProd,v_unified_superbills,sbcp_Provider_FedId,varchar,50,,,YES,NULL,81,NO,tabak_mariadb
BPACustomBPATabakProd,v_unified_superbills,sbcp_Provider_TaxId,varchar,50,,,YES,NULL,82,NO,tabak_mariadb
BPACustomBPATabakProd,v_unified_superbills,sbcp_Provider_Taxonomy,varchar,50,,,YES,NULL,83,NO,tabak_mariadb
BPACustomBPATabakProd,v_unified_superbills,sbcp_EzClaimProviderId,int,,10,0,YES,NULL,84,NO,tabak_mariadb
BPACustomBPATabakProd,v_unified_superbills,sbcp_ClaimRecordId1,bigint,,19,0,YES,NULL,85,NO,tabak_mariadb
BPACustomBPATabakProd,v_unified_superbills,sbcp_CreatedById,int,,10,0,YES,NULL,86,NO,tabak_mariadb
BPACustomBPATabakProd,v_unified_superbills,sbcp_CreatedByName,varchar,50,,,YES,NULL,87,NO,tabak_mariadb
BPACustomBPATabakProd,v_unified_superbills,sbcp_UpdatedById,int,,10,0,YES,NULL,88,NO,tabak_mariadb
BPACustomBPATabakProd,v_unified_superbills,sbcp_UpdatedByName,varchar,50,,,YES,NULL,89,NO,tabak_mariadb
BPACustomBPATabakProd,v_unified_superbills,sbcp_CreatedDate,datetime,,,,YES,,90,NO,tabak_mariadb
BPACustomBPATabakProd,v_unified_superbills,sbcp_UpdatedDate,datetime,,,,YES,NULL,91,NO,tabak_mariadb
BPACustomBPATabakProd,v_unified_superbills,sbdc_Id,bigint,,19,0,YES,0,92,NO,tabak_mariadb
BPACustomBPATabakProd,v_unified_superbills,sbdc_ClaimRecordId,bigint,,19,0,YES,,93,NO,tabak_mariadb
BPACustomBPATabakProd,v_unified_superbills,sbdc_Primary_DX,varchar,20,,,YES,NULL,94,NO,tabak_mariadb
BPACustomBPATabakProd,v_unified_superbills,sbdc_Secondary_DX1,varchar,20,,,YES,NULL,95,NO,tabak_mariadb
BPACustomBPATabakProd,v_unified_superbills,sbdc_Secondary_DX2,varchar,20,,,YES,NULL,96,NO,tabak_mariadb
BPACustomBPATabakProd,v_unified_superbills,sbdc_Secondary_DX3,varchar,20,,,YES,NULL,97,NO,tabak_mariadb
BPACustomBPATabakProd,v_unified_superbills,sbdc_Secondary_DX4,varchar,20,,,YES,NULL,98,NO,tabak_mariadb
BPACustomBPATabakProd,v_unified_superbills,sbdc_Secondary_DX5,varchar,20,,,YES,NULL,99,NO,tabak_mariadb
BPACustomBPATabakProd,v_unified_superbills,sbdc_Secondary_DX6,varchar,20,,,YES,NULL,100,NO,tabak_mariadb
BPACustomBPATabakProd,v_unified_superbills,sbdc_Secondary_DX7,varchar,20,,,YES,NULL,101,NO,tabak_mariadb
BPACustomBPATabakProd,v_unified_superbills,sbdc_Secondary_DX8,varchar,20,,,YES,NULL,102,NO,tabak_mariadb
BPACustomBPATabakProd,v_unified_superbills,sbdc_Secondary_DX9,varchar,20,,,YES,NULL,103,NO,tabak_mariadb
BPACustomBPATabakProd,v_unified_superbills,sbdc_Secondary_DX10,varchar,20,,,YES,NULL,104,NO,tabak_mariadb
BPACustomBPATabakProd,v_unified_superbills,sbdc_Secondary_DX11,varchar,20,,,YES,NULL,105,NO,tabak_mariadb
BPACustomBPATabakProd,v_unified_superbills,sbdc_Secondary_DX12,varchar,20,,,YES,NULL,106,NO,tabak_mariadb
BPACustomBPATabakProd,v_unified_superbills,sbdc_CreatedById,int,,10,0,YES,NULL,107,NO,tabak_mariadb
BPACustomBPATabakProd,v_unified_superbills,sbdc_CreatedByName,varchar,50,,,YES,NULL,108,NO,tabak_mariadb
BPACustomBPATabakProd,v_unified_superbills,sbdc_UpdatedById,int,,10,0,YES,NULL,109,NO,tabak_mariadb
BPACustomBPATabakProd,v_unified_superbills,sbdc_UpdatedByName,varchar,50,,,YES,NULL,110,NO,tabak_mariadb
BPACustomBPATabakProd,v_unified_superbills,sbdc_CreatedDate,datetime,,,,YES,,111,NO,tabak_mariadb
BPACustomBPATabakProd,v_unified_superbills,sbdc_UpdatedDate,datetime,,,,YES,NULL,112,NO,tabak_mariadb
BPACustomBPATabakProd,v_unified_superbills,sbp_Id,bigint,,19,0,YES,0,113,NO,tabak_mariadb
BPACustomBPATabakProd,v_unified_superbills,sbp_ClaimRecordId,bigint,,19,0,YES,,114,NO,tabak_mariadb
BPACustomBPATabakProd,v_unified_superbills,sbp_Payer_Name,varchar,200,,,YES,NULL,115,NO,tabak_mariadb
BPACustomBPATabakProd,v_unified_superbills,sbp_Payer_Id,varchar,50,,,YES,NULL,116,NO,tabak_mariadb
BPACustomBPATabakProd,v_unified_superbills,sbp_Payer_Addr1,varchar,200,,,YES,NULL,117,NO,tabak_mariadb
BPACustomBPATabakProd,v_unified_superbills,sbp_Payer_Addr2,varchar,200,,,YES,NULL,118,NO,tabak_mariadb
BPACustomBPATabakProd,v_unified_superbills,sbp_Payer_City,varchar,100,,,YES,NULL,119,NO,tabak_mariadb
BPACustomBPATabakProd,v_unified_superbills,sbp_Payer_State,varchar,50,,,YES,NULL,120,NO,tabak_mariadb
BPACustomBPATabakProd,v_unified_superbills,sbp_Payer_Zip,varchar,20,,,YES,NULL,121,NO,tabak_mariadb
BPACustomBPATabakProd,v_unified_superbills,sbp_Payer_Type,varchar,50,,,YES,NULL,122,NO,tabak_mariadb
BPACustomBPATabakProd,v_unified_superbills,sbp_EzClaimPayerId,int,,10,0,YES,,123,NO,tabak_mariadb
BPACustomBPATabakProd,v_unified_superbills,sbp_CreatedById,int,,10,0,YES,NULL,124,NO,tabak_mariadb
BPACustomBPATabakProd,v_unified_superbills,sbp_CreatedByName,varchar,50,,,YES,NULL,125,NO,tabak_mariadb
BPACustomBPATabakProd,v_unified_superbills,sbp_UpdatedById,int,,10,0,YES,NULL,126,NO,tabak_mariadb
BPACustomBPATabakProd,v_unified_superbills,sbp_UpdatedByName,varchar,50,,,YES,NULL,127,NO,tabak_mariadb
BPACustomBPATabakProd,v_unified_superbills,sbp_CreatedDate,datetime,,,,YES,,128,NO,tabak_mariadb
BPACustomBPATabakProd,v_unified_superbills,sbp_UpdatedDate,datetime,,,,YES,NULL,129,NO,tabak_mariadb
BPACustomBPATabakProd,v_unified_superbills,sbsl_Id,bigint,,19,0,YES,0,130,NO,tabak_mariadb
BPACustomBPATabakProd,v_unified_superbills,sbsl_ClaimRecordId,bigint,,19,0,YES,,131,NO,tabak_mariadb
BPACustomBPATabakProd,v_unified_superbills,sbsl_Service_From_Date,datetime,,,,YES,NULL,132,NO,tabak_mariadb
BPACustomBPATabakProd,v_unified_superbills,sbsl_Service_To_Date,datetime,,,,YES,NULL,133,NO,tabak_mariadb
BPACustomBPATabakProd,v_unified_superbills,sbsl_Procedure_Code,varchar,20,,,YES,NULL,134,NO,tabak_mariadb
BPACustomBPATabakProd,v_unified_superbills,sbsl_Mod1,varchar,10,,,YES,NULL,135,NO,tabak_mariadb
BPACustomBPATabakProd,v_unified_superbills,sbsl_Mod2,varchar,10,,,YES,NULL,136,NO,tabak_mariadb
BPACustomBPATabakProd,v_unified_superbills,sbsl_Mod3,varchar,10,,,YES,NULL,137,NO,tabak_mariadb
BPACustomBPATabakProd,v_unified_superbills,sbsl_Mod4,varchar,10,,,YES,NULL,138,NO,tabak_mariadb
BPACustomBPATabakProd,v_unified_superbills,sbsl_Service_Billed_Amt,decimal,,65,30,YES,NULL,139,NO,tabak_mariadb
BPACustomBPATabakProd,v_unified_superbills,sbsl_D_U,int,,10,0,YES,NULL,140,NO,tabak_mariadb
BPACustomBPATabakProd,v_unified_superbills,sbsl_Place_Of_Service,varchar,10,,,YES,NULL,141,NO,tabak_mariadb
BPACustomBPATabakProd,v_unified_superbills,sbsl_DX_1,varchar,20,,,YES,NULL,142,NO,tabak_mariadb
BPACustomBPATabakProd,v_unified_superbills,sbsl_DX_2,varchar,20,,,YES,NULL,143,NO,tabak_mariadb
BPACustomBPATabakProd,v_unified_superbills,sbsl_DX_3,varchar,20,,,YES,NULL,144,NO,tabak_mariadb
BPACustomBPATabakProd,v_unified_superbills,sbsl_DX_4,varchar,20,,,YES,NULL,145,NO,tabak_mariadb
BPACustomBPATabakProd,v_unified_superbills,sbsl_User_Status,varchar,50,,,YES,NULL,146,NO,tabak_mariadb
BPACustomBPATabakProd,v_unified_superbills,sbsl_CreatedById,int,,10,0,YES,NULL,147,NO,tabak_mariadb
BPACustomBPATabakProd,v_unified_superbills,sbsl_CreatedByName,varchar,50,,,YES,NULL,148,NO,tabak_mariadb
BPACustomBPATabakProd,v_unified_superbills,sbsl_UpdatedById,int,,10,0,YES,NULL,149,NO,tabak_mariadb
BPACustomBPATabakProd,v_unified_superbills,sbsl_UpdatedByName,varchar,50,,,YES,NULL,150,NO,tabak_mariadb
BPACustomBPATabakProd,v_unified_superbills,sbsl_CreatedDate,datetime,,,,YES,,151,NO,tabak_mariadb
BPACustomBPATabakProd,v_unified_superbills,sbsl_UpdatedDate,datetime,,,,YES,NULL,152,NO,tabak_mariadb
BPACustomBPATabakProd,__EFMigrationsHistory,MigrationId,varchar,150,,,NO,,1,YES,tabak_mariadb
BPACustomBPATabakProd,__EFMigrationsHistory,ProductVersion,varchar,32,,,NO,,2,NO,tabak_mariadb
